"studyid","workflowid","threshold","numerator","denominator","log_denominator","gsm_analysis_date"
"AA-AA-000-0000","kri0001",-3,0.0139375350380501,19102.12,9.85755460263966,2010-08-01
"AA-AA-000-0000","kri0001",-3,0.209650941670722,19206.68,9.86301341417357,2010-08-01
"AA-AA-000-0000","kri0001",-3,0.405894696270545,19311.24,9.86844258879326,2010-08-01
"AA-AA-000-0000","kri0001",-3,0.60266449729627,19415.8,9.87384244657052,2010-08-01
"AA-AA-000-0000","kri0001",-3,0.799956101042255,19520.36,9.87921330241997,2010-08-01
"AA-AA-000-0000","kri0001",-3,0.997765320555652,19624.92,9.88455546620918,2010-08-01
"AA-AA-000-0000","kri0001",-3,1.19608802457955,19729.48,9.88986924286599,2010-08-01
"AA-AA-000-0000","kri0001",-3,1.39492013652111,19834.04,9.89515493248297,2010-08-01
"AA-AA-000-0000","kri0001",-3,1.59425763344437,19938.6,9.90041283041905,2010-08-01
"AA-AA-000-0000","kri0001",-3,1.79409654508661,20043.16,9.90564322739863,2010-08-01
"AA-AA-000-0000","kri0001",-3,1.99443295289793,20147.72,9.91084640960797,2010-08-01
"AA-AA-000-0000","kri0001",-3,2.19526298910303,20252.28,9.91602265878921,2010-08-01
"AA-AA-000-0000","kri0001",-3,2.39658283578501,20356.84,9.92117225233188,2010-08-01
"AA-AA-000-0000","kri0001",-3,2.59838872399005,20461.4,9.92629546336211,2010-08-01
"AA-AA-000-0000","kri0001",-3,2.80067693285296,20565.96,9.93139256082955,2010-08-01
"AA-AA-000-0000","kri0001",-3,3.00344378874239,20670.52,9.93646380959208,2010-08-01
"AA-AA-000-0000","kri0001",-3,3.20668566442567,20775.08,9.94150947049842,2010-08-01
"AA-AA-000-0000","kri0001",-3,3.41039897825259,20879.64,9.94652980046863,2010-08-01
"AA-AA-000-0000","kri0001",-3,3.61458019335729,20984.2,9.95152505257258,2010-08-01
"AA-AA-000-0000","kri0001",-3,3.81922581687837,21088.76,9.95649547610655,2010-08-01
"AA-AA-000-0000","kri0001",-3,4.02433239919605,21193.32,9.96144131666783,2010-08-01
"AA-AA-000-0000","kri0001",-3,4.22989653318645,21297.88,9.96636281622759,2010-08-01
"AA-AA-000-0000","kri0001",-3,4.43591485349236,21402.44,9.97126021320189,2010-08-01
"AA-AA-000-0000","kri0001",-3,4.64238403580979,21507,9.97613374252098,2010-08-01
"AA-AA-000-0000","kri0001",-3,4.84930079619028,21611.56,9.98098363569693,2010-08-01
"AA-AA-000-0000","kri0001",-3,5.05666189035851,21716.12,9.98581012088961,2010-08-01
"AA-AA-000-0000","kri0001",-3,5.26446411304432,21820.68,9.99061342297113,2010-08-01
"AA-AA-000-0000","kri0001",-3,5.4727042973294,21925.24,9.99539376358868,2010-08-01
"AA-AA-000-0000","kri0001",-3,5.68137931400796,22029.8,10.0001513612259,2010-08-01
"AA-AA-000-0000","kri0001",-3,5.89048607096088,22134.36,10.0048864312628,2010-08-01
"AA-AA-000-0000","kri0001",-3,6.10002151254333,22238.92,10.0095991860343,2010-08-01
"AA-AA-000-0000","kri0001",-3,6.30998261898526,22343.48,10.0142898348873,2010-08-01
"AA-AA-000-0000","kri0001",-3,6.52036640580435,22448.04,10.0189585842366,2010-08-01
"AA-AA-000-0000","kri0001",-3,6.73116992323158,22552.6,10.0236056376192,2010-08-01
"AA-AA-000-0000","kri0001",-3,6.94239025564849,22657.16,10.0282311957477,2010-08-01
"AA-AA-000-0000","kri0001",-3,7.15402452103623,22761.72,10.0328354565624,2010-08-01
"AA-AA-000-0000","kri0001",-3,7.36606987043591,22866.28,10.0374186152819,2010-08-01
"AA-AA-000-0000","kri0001",-3,7.57852348742017,22970.84,10.0419808644529,2010-08-01
"AA-AA-000-0000","kri0001",-3,7.79138258757542,23075.4,10.0465223939987,2010-08-01
"AA-AA-000-0000","kri0001",-3,8.00464441799479,23179.96,10.0510433912667,2010-08-01
"AA-AA-000-0000","kri0001",-3,8.21830625678115,23284.52,10.0555440410747,2010-08-01
"AA-AA-000-0000","kri0001",-3,8.43236541256033,23389.08,10.0600245257563,2010-08-01
"AA-AA-000-0000","kri0001",-3,8.64681922400407,23493.64,10.0644850252052,2010-08-01
"AA-AA-000-0000","kri0001",-3,8.86166505936251,23598.2,10.0689257169185,2010-08-01
"AA-AA-000-0000","kri0001",-3,9.07690031600595,23702.76,10.073346776039,2010-08-01
"AA-AA-000-0000","kri0001",-3,9.29252241997581,23807.32,10.077748375397,2010-08-01
"AA-AA-000-0000","kri0001",-3,9.50852882554431,23911.88,10.0821306855504,2010-08-01
"AA-AA-000-0000","kri0001",-3,9.72491701478294,24016.44,10.0864938748247,2010-08-01
"AA-AA-000-0000","kri0001",-3,9.94168449713928,24121,10.0908381093515,2010-08-01
"AA-AA-000-0000","kri0001",-3,10.1588288090221,24225.56,10.0951635531068,2010-08-01
"AA-AA-000-0000","kri0001",-3,10.3763475133945,24330.12,10.0994703679479,2010-08-01
"AA-AA-000-0000","kri0001",-3,10.594238199375,24434.68,10.1037587136496,2010-08-01
"AA-AA-000-0000","kri0001",-3,10.812498481846,24539.24,10.1080287479402,2010-08-01
"AA-AA-000-0000","kri0001",-3,11.0311260010704,24643.8,10.1122806265359,2010-08-01
"AA-AA-000-0000","kri0001",-3,11.2501184223144,24748.36,10.1165145031751,2010-08-01
"AA-AA-000-0000","kri0001",-3,11.4694734354791,24852.92,10.1207305296518,2010-08-01
"AA-AA-000-0000","kri0001",-3,11.6891887547371,24957.48,10.1249288558479,2010-08-01
"AA-AA-000-0000","kri0001",-3,11.9092621181778,25062.04,10.1291096297658,2010-08-01
"AA-AA-000-0000","kri0001",-3,12.1296912874579,25166.6,10.1332729975589,2010-08-01
"AA-AA-000-0000","kri0001",-3,12.3504740474597,25271.16,10.1374191035629,2010-08-01
"AA-AA-000-0000","kri0001",-3,12.5716082059545,25375.72,10.1415480903258,2010-08-01
"AA-AA-000-0000","kri0001",-3,12.793091593273,25480.28,10.1456600986367,2010-08-01
"AA-AA-000-0000","kri0001",-3,13.0149220619821,25584.84,10.1497552675554,2010-08-01
"AA-AA-000-0000","kri0001",-3,13.2370974865662,25689.4,10.15383373444,2010-08-01
"AA-AA-000-0000","kri0001",-3,13.4596157631164,25793.96,10.1578956349749,2010-08-01
"AA-AA-000-0000","kri0001",-3,13.6824748090233,25898.52,10.1619411031978,2010-08-01
"AA-AA-000-0000","kri0001",-3,13.905672562677,26003.08,10.1659702715261,2010-08-01
"AA-AA-000-0000","kri0001",-3,14.1292069831714,26107.64,10.1699832707831,2010-08-01
"AA-AA-000-0000","kri0001",-3,14.3530760500146,26212.2,10.1739802302234,2010-08-01
"AA-AA-000-0000","kri0001",-3,14.577277762844,26316.76,10.1779612775578,2010-08-01
"AA-AA-000-0000","kri0001",-3,14.8018101411467,26421.32,10.1819265389781,2010-08-01
"AA-AA-000-0000","kri0001",-3,15.0266712239846,26525.88,10.1858761391807,2010-08-01
"AA-AA-000-0000","kri0001",-3,15.2518590697252,26630.44,10.1898102013902,2010-08-01
"AA-AA-000-0000","kri0001",-3,15.477371755776,26735,10.1937288473828,2010-08-01
"AA-AA-000-0000","kri0001",-3,15.7032073783241,26839.56,10.1976321975086,2010-08-01
"AA-AA-000-0000","kri0001",-2,0.103034482783574,8541.56,9.05269893988975,2010-08-01
"AA-AA-000-0000","kri0001",-2,0.299666225293019,8646.12,9.06486594438178,2010-08-01
"AA-AA-000-0000","kri0001",-2,0.497468631199169,8750.68,9.07688669061778,2010-08-01
"AA-AA-000-0000","kri0001",-2,0.696420780047371,8855.24,9.0887646531811,2010-08-01
"AA-AA-000-0000","kri0001",-2,0.896502367159289,8959.8,9.10050318429128,2010-08-01
"AA-AA-000-0000","kri0001",-2,1.09769367855293,9064.36,9.11210551948311,2010-08-01
"AA-AA-000-0000","kri0001",-2,1.29997556716097,9168.92,9.12357478296003,2010-08-01
"AA-AA-000-0000","kri0001",-2,1.50332943026603,9273.48,9.13491399264399,2010-08-01
"AA-AA-000-0000","kri0001",-2,1.70773718807785,9378.04,9.14612606494221,2010-08-01
"AA-AA-000-0000","kri0001",-2,1.91318126338226,9482.6,9.15721381924961,2010-08-01
"AA-AA-000-0000","kri0001",-2,2.11964456219743,9587.16,9.16817998220445,2010-08-01
"AA-AA-000-0000","kri0001",-2,2.32711045537682,9691.72,9.17902719171307,2010-08-01
"AA-AA-000-0000","kri0001",-2,2.53556276110306,9796.28,9.18975800075871,2010-08-01
"AA-AA-000-0000","kri0001",-2,2.74498572822042,9900.84,9.2003748810081,2010-08-01
"AA-AA-000-0000","kri0001",-2,2.9553640203574,10005.4,9.21088022622865,2010-08-01
"AA-AA-000-0000","kri0001",-2,3.16668270079406,10109.96,9.22127635552796,2010-08-01
"AA-AA-000-0000","kri0001",-2,3.37892721803186,10214.52,9.23156551642667,2010-08-01
"AA-AA-000-0000","kri0001",-2,3.5920833920266,10319.08,9.24174988777488,2010-08-01
"AA-AA-000-0000","kri0001",-2,3.80613740104753,10423.64,9.25183158252143,2010-08-01
"AA-AA-000-0000","kri0001",-2,4.02107576912815,10528.2,9.26181265034515,2010-08-01
"AA-AA-000-0000","kri0001",-2,4.23688535407661,10632.76,9.27169508015587,2010-08-01
"AA-AA-000-0000","kri0001",-2,4.45355333601532,10737.32,9.2814808024733,2010-08-01
"AA-AA-000-0000","kri0001",-2,4.67106720642155,10841.88,9.29117169169041,2010-08-01
"AA-AA-000-0000","kri0001",-2,4.88941475764269,10946.44,9.30076956822833,2010-08-01
"AA-AA-000-0000","kri0001",-2,5.10858407286094,11051,9.31027620058878,2010-08-01
"AA-AA-000-0000","kri0001",-2,5.32856351648448,11155.56,9.31969330730984,2010-08-01
"AA-AA-000-0000","kri0001",-2,5.54934172494282,11260.12,9.3290225588305,2010-08-01
"AA-AA-000-0000","kri0001",-2,5.7709075978661,11364.68,9.33826557926903,2010-08-01
"AA-AA-000-0000","kri0001",-2,5.99325028962858,11469.24,9.34742394811994,2010-08-01
"AA-AA-000-0000","kri0001",-2,6.21635920123845,11573.8,9.35649920187389,2010-08-01
"AA-AA-000-0000","kri0001",-2,6.44022397255649,11678.36,9.36549283556477,2010-08-01
"AA-AA-000-0000","kri0001",-2,6.6648344748277,11782.92,9.37440630424788,2010-08-01
"AA-AA-000-0000","kri0001",-2,6.89018080351033,11887.48,9.38324102441269,2010-08-01
"AA-AA-000-0000","kri0001",-2,7.11625327138832,11992.04,9.39199837533391,2010-08-01
"AA-AA-000-0000","kri0001",-2,7.34304240195334,12096.6,9.40067970036372,2010-08-01
"AA-AA-000-0000","kri0001",-2,7.57053892304363,12201.16,9.40928630816856,2010-08-01
"AA-AA-000-0000","kri0001",-2,7.79873376072775,12305.72,9.41781947391302,2010-08-01
"AA-AA-000-0000","kri0001",-2,8.02761803342165,12410.28,9.42628044039376,2010-08-01
"AA-AA-000-0000","kri0001",-2,8.25718304622835,12514.84,9.43467041912574,2010-08-01
"AA-AA-000-0000","kri0001",-2,8.48742028548997,12619.4,9.44299059138336,2010-08-01
"AA-AA-000-0000","kri0001",-2,8.71832141354245,12723.96,9.45124210919858,2010-08-01
"AA-AA-000-0000","kri0001",-2,8.94987826366398,12828.52,9.45942609631826,2010-08-01
"AA-AA-000-0000","kri0001",-2,9.1820828352082,12933.08,9.46754364912255,2010-08-01
"AA-AA-000-0000","kri0001",-2,9.41492728891415,13037.64,9.47559583750641,2010-08-01
"AA-AA-000-0000","kri0001",-2,9.6484039423852,13142.2,9.48358370572582,2010-08-01
"AA-AA-000-0000","kri0001",-2,9.88250526572944,13246.76,9.49150827321056,2010-08-01
"AA-AA-000-0000","kri0001",-2,10.1172238773547,13351.32,9.49937053534494,2010-08-01
"AA-AA-000-0000","kri0001",-2,10.3525525399116,13455.88,9.50717146421815,2010-08-01
"AA-AA-000-0000","kri0001",-2,10.5884841563777,13560.44,9.51491200934553,2010-08-01
"AA-AA-000-0000","kri0001",-2,10.825011766278,13665,9.52259309836217,2010-08-01
"AA-AA-000-0000","kri0001",-2,11.0621285420345,13769.56,9.53021563769003,2010-08-01
"AA-AA-000-0000","kri0001",-2,11.2998277854413,13874.12,9.53778051317986,2010-08-01
"AA-AA-000-0000","kri0001",-2,11.538102924258,13978.68,9.54528859072904,2010-08-01
"AA-AA-000-0000","kri0001",-2,11.7769475089179,14083.24,9.55274071687631,2010-08-01
"AA-AA-000-0000","kri0001",-2,12.0163552093466,14187.8,9.56013771937465,2010-08-01
"AA-AA-000-0000","kri0001",-2,12.2563198118848,14292.36,9.56748040774294,2010-08-01
"AA-AA-000-0000","kri0001",-2,12.4968352163131,14396.92,9.57476957379771,2010-08-01
"AA-AA-000-0000","kri0001",-2,12.7378954329738,14501.48,9.5820059921655,2010-08-01
"AA-AA-000-0000","kri0001",-2,12.9794945799852,14606.04,9.58919042077688,2010-08-01
"AA-AA-000-0000","kri0001",-2,13.2216268805462,14710.6,9.59632360134285,2010-08-01
"AA-AA-000-0000","kri0001",-2,13.4642866603269,14815.16,9.60340625981435,2010-08-01
"AA-AA-000-0000","kri0001",-2,13.7074683449416,14919.72,9.61043910682562,2010-08-01
"AA-AA-000-0000","kri0001",-2,13.9511664575014,15024.28,9.61742283812209,2010-08-01
"AA-AA-000-0000","kri0001",-2,14.1953756162439,15128.84,9.6243581349734,2010-08-01
"AA-AA-000-0000","kri0001",-2,14.4400905322355,15233.4,9.63124566457222,2010-08-01
"AA-AA-000-0000","kri0001",-2,14.6853060071453,15337.96,9.63808608041946,2010-08-01
"AA-AA-000-0000","kri0001",-2,14.9310169310872,15442.52,9.6448800226963,2010-08-01
"AA-AA-000-0000","kri0001",-2,15.1772182805271,15547.08,9.65162811862377,2010-08-01
"AA-AA-000-0000","kri0001",-2,15.4239051162536,15651.64,9.65833098281023,2010-08-01
"AA-AA-000-0000","kri0001",-2,15.6710725814099,15756.2,9.66498921758728,2010-08-01
"AA-AA-000-0000","kri0001",-2,15.918715899584,15860.76,9.67160341333457,2010-08-01
"AA-AA-000-0000","kri0001",-2,16.1668303729554,15965.32,9.67817414879392,2010-08-01
"AA-AA-000-0000","kri0001",-2,16.415411380497,16069.88,9.68470199137325,2010-08-01
"AA-AA-000-0000","kri0001",-2,16.6644543762283,16174.44,9.69118749744056,2010-08-01
"AA-AA-000-0000","kri0001",-2,16.913954887521,16279,9.69763121260851,2010-08-01
"AA-AA-000-0000","kri0001",-2,17.1639085134519,16383.56,9.70403367200987,2010-08-01
"AA-AA-000-0000","kri0001",-2,17.4143109232042,16488.12,9.71039540056419,2010-08-01
"AA-AA-000-0000","kri0001",-2,17.6651578545136,16592.68,9.71671691323606,2010-08-01
"AA-AA-000-0000","kri0001",-2,17.9164451121588,16697.24,9.72299871528527,2010-08-01
"AA-AA-000-0000","kri0001",-2,18.1681685664943,16801.8,9.72924130250911,2010-08-01
"AA-AA-000-0000","kri0001",-2,18.4203241520243,16906.36,9.73544516147723,2010-08-01
"AA-AA-000-0000","kri0001",-2,18.6729078660165,17010.92,9.74161076975919,2010-08-01
"AA-AA-000-0000","kri0001",-2,18.9259157671533,17115.48,9.74773859614507,2010-08-01
"AA-AA-000-0000","kri0001",-2,19.1793439742212,17220.04,9.7538291008594,2010-08-01
"AA-AA-000-0000","kri0001",-2,19.4331886648349,17324.6,9.75988273576848,2010-08-01
"AA-AA-000-0000","kri0001",-2,19.6874460741969,17429.16,9.76589994458167,2010-08-01
"AA-AA-000-0000","kri0001",-2,19.9421124938897,17533.72,9.77188116304646,2010-08-01
"AA-AA-000-0000","kri0001",-2,20.1971842707013,17638.28,9.77782681913786,2010-08-01
"AA-AA-000-0000","kri0001",-2,20.452657805481,17742.84,9.78373733324216,2010-08-01
"AA-AA-000-0000","kri0001",-2,20.7085295520259,17847.4,9.78961311833528,2010-08-01
"AA-AA-000-0000","kri0001",-2,20.9647960159974,17951.96,9.79545458015595,2010-08-01
"AA-AA-000-0000","kri0001",-2,21.2214537538648,18056.52,9.80126211737377,2010-08-01
"AA-AA-000-0000","kri0001",-2,21.4784993718773,18161.08,9.80703612175257,2010-08-01
"AA-AA-000-0000","kri0001",-2,21.7359295250622,18265.64,9.81277697830891,2010-08-01
"AA-AA-000-0000","kri0001",-2,21.9937409162492,18370.2,9.81848506546618,2010-08-01
"AA-AA-000-0000","kri0001",-2,22.2519302951193,18474.76,9.82416075520428,2010-08-01
"AA-AA-000-0000","kri0001",-2,22.5104944572779,18579.32,9.82980441320509,2010-08-01
"AA-AA-000-0000","kri0001",-2,22.7694302433517,18683.88,9.83541639899379,2010-08-01
"AA-AA-000-0000","kri0001",-2,23.028734538108,18788.44,9.84099706607641,2010-08-01
"AA-AA-000-0000","kri0001",-2,23.2884042695962,18893,9.84654676207332,2010-08-01
"AA-AA-000-0000","kri0001",-2,23.5484364083103,18997.56,9.85206582884926,2010-08-01
"AA-AA-000-0000","kri0001",-2,23.8088279663727,19102.12,9.85755460263966,2010-08-01
"AA-AA-000-0000","kri0001",-2,24.0695759967375,19206.68,9.86301341417357,2010-08-01
"AA-AA-000-0000","kri0001",-2,24.3306775924137,19311.24,9.86844258879326,2010-08-01
"AA-AA-000-0000","kri0001",-2,24.5921298857073,19415.8,9.87384244657052,2010-08-01
"AA-AA-000-0000","kri0001",-2,24.8539300474809,19520.36,9.87921330241997,2010-08-01
"AA-AA-000-0000","kri0001",-2,25.1160752864329,19624.92,9.88455546620918,2010-08-01
"AA-AA-000-0000","kri0001",-2,25.3785628483919,19729.48,9.88986924286599,2010-08-01
"AA-AA-000-0000","kri0001",-2,25.6413900156293,19834.04,9.89515493248297,2010-08-01
"AA-AA-000-0000","kri0001",-2,25.9045541061878,19938.6,9.90041283041905,2010-08-01
"AA-AA-000-0000","kri0001",-2,26.1680524732257,20043.16,9.90564322739863,2010-08-01
"AA-AA-000-0000","kri0001",-2,26.4318825043762,20147.72,9.91084640960797,2010-08-01
"AA-AA-000-0000","kri0001",-2,26.6960416211227,20252.28,9.91602265878921,2010-08-01
"AA-AA-000-0000","kri0001",-2,26.960527278187,20356.84,9.92117225233188,2010-08-01
"AA-AA-000-0000","kri0001",-2,27.2253369629334,20461.4,9.92629546336211,2010-08-01
"AA-AA-000-0000","kri0001",-2,27.490468194785,20565.96,9.93139256082955,2010-08-01
"AA-AA-000-0000","kri0001",-2,27.7559185246544,20670.52,9.93646380959208,2010-08-01
"AA-AA-000-0000","kri0001",-2,28.0216855343862,20775.08,9.94150947049842,2010-08-01
"AA-AA-000-0000","kri0001",-2,28.2877668362139,20879.64,9.94652980046863,2010-08-01
"AA-AA-000-0000","kri0001",-2,28.5541600722267,20984.2,9.95152505257258,2010-08-01
"AA-AA-000-0000","kri0001",-2,28.8208629138505,21088.76,9.95649547610655,2010-08-01
"AA-AA-000-0000","kri0001",-2,29.0878730613386,21193.32,9.96144131666783,2010-08-01
"AA-AA-000-0000","kri0001",-2,29.3551882432753,21297.88,9.96636281622759,2010-08-01
"AA-AA-000-0000","kri0001",-2,29.6228062160889,21402.44,9.97126021320189,2010-08-01
"AA-AA-000-0000","kri0001",-2,29.8907247635769,21507,9.97613374252098,2010-08-01
"AA-AA-000-0000","kri0001",-2,30.1589416964402,21611.56,9.98098363569693,2010-08-01
"AA-AA-000-0000","kri0001",-2,30.4274548518287,21716.12,9.98581012088961,2010-08-01
"AA-AA-000-0000","kri0001",-2,30.6962620928956,21820.68,9.99061342297113,2010-08-01
"AA-AA-000-0000","kri0001",-2,30.9653613083621,21925.24,9.99539376358868,2010-08-01
"AA-AA-000-0000","kri0001",-2,31.2347504120908,22029.8,10.0001513612259,2010-08-01
"AA-AA-000-0000","kri0001",-2,31.5044273426691,22134.36,10.0048864312628,2010-08-01
"AA-AA-000-0000","kri0001",-2,31.7743900630004,22238.92,10.0095991860343,2010-08-01
"AA-AA-000-0000","kri0001",-2,32.0446365599048,22343.48,10.0142898348873,2010-08-01
"AA-AA-000-0000","kri0001",-2,32.3151648437272,22448.04,10.0189585842366,2010-08-01
"AA-AA-000-0000","kri0001",-2,32.585972947955,22552.6,10.0236056376192,2010-08-01
"AA-AA-000-0000","kri0001",-2,32.8570589288427,22657.16,10.0282311957477,2010-08-01
"AA-AA-000-0000","kri0001",-2,33.1284208650442,22761.72,10.0328354565624,2010-08-01
"AA-AA-000-0000","kri0001",-2,33.4000568572537,22866.28,10.0374186152819,2010-08-01
"AA-AA-000-0000","kri0001",-2,33.6719650278529,22970.84,10.0419808644529,2010-08-01
"AA-AA-000-0000","kri0001",-2,33.9441435205661,23075.4,10.0465223939987,2010-08-01
"AA-AA-000-0000","kri0001",-2,34.216590500122,23179.96,10.0510433912667,2010-08-01
"AA-AA-000-0000","kri0001",-2,34.4893041519226,23284.52,10.0555440410747,2010-08-01
"AA-AA-000-0000","kri0001",-2,34.7622826817184,23389.08,10.0600245257563,2010-08-01
"AA-AA-000-0000","kri0001",-2,35.0355243152906,23493.64,10.0644850252052,2010-08-01
"AA-AA-000-0000","kri0001",-2,35.3090272981393,23598.2,10.0689257169185,2010-08-01
"AA-AA-000-0000","kri0001",-2,35.5827898951779,23702.76,10.073346776039,2010-08-01
"AA-AA-000-0000","kri0001",-2,35.8568103904342,23807.32,10.077748375397,2010-08-01
"AA-AA-000-0000","kri0001",-2,36.1310870867563,23911.88,10.0821306855504,2010-08-01
"AA-AA-000-0000","kri0001",-2,36.405618305525,24016.44,10.0864938748247,2010-08-01
"AA-AA-000-0000","kri0001",-2,36.6804023863723,24121,10.0908381093515,2010-08-01
"AA-AA-000-0000","kri0001",-2,36.9554376869039,24225.56,10.0951635531068,2010-08-01
"AA-AA-000-0000","kri0001",-2,37.2307225824285,24330.12,10.0994703679479,2010-08-01
"AA-AA-000-0000","kri0001",-2,37.5062554656918,24434.68,10.1037587136496,2010-08-01
"AA-AA-000-0000","kri0001",-2,37.7820347466156,24539.24,10.1080287479402,2010-08-01
"AA-AA-000-0000","kri0001",-2,38.0580588520415,24643.8,10.1122806265359,2010-08-01
"AA-AA-000-0000","kri0001",-2,38.3343262254806,24748.36,10.1165145031751,2010-08-01
"AA-AA-000-0000","kri0001",-2,38.6108353268667,24852.92,10.1207305296518,2010-08-01
"AA-AA-000-0000","kri0001",-2,38.8875846323151,24957.48,10.1249288558479,2010-08-01
"AA-AA-000-0000","kri0001",-2,39.1645726338852,25062.04,10.1291096297658,2010-08-01
"AA-AA-000-0000","kri0001",-2,39.4417978393483,25166.6,10.1332729975589,2010-08-01
"AA-AA-000-0000","kri0001",-2,39.7192587719592,25271.16,10.1374191035629,2010-08-01
"AA-AA-000-0000","kri0001",-2,39.9969539702321,25375.72,10.1415480903258,2010-08-01
"AA-AA-000-0000","kri0001",-2,40.2748819877209,25480.28,10.1456600986367,2010-08-01
"AA-AA-000-0000","kri0001",-2,40.5530413928032,25584.84,10.1497552675554,2010-08-01
"AA-AA-000-0000","kri0001",-2,40.831430768469,25689.4,10.15383373444,2010-08-01
"AA-AA-000-0000","kri0001",-2,41.1100487121122,25793.96,10.1578956349749,2010-08-01
"AA-AA-000-0000","kri0001",-2,41.3888938353265,25898.52,10.1619411031978,2010-08-01
"AA-AA-000-0000","kri0001",-2,41.6679647637053,26003.08,10.1659702715261,2010-08-01
"AA-AA-000-0000","kri0001",-2,41.9472601366446,26107.64,10.1699832707831,2010-08-01
"AA-AA-000-0000","kri0001",-2,42.2267786071498,26212.2,10.1739802302234,2010-08-01
"AA-AA-000-0000","kri0001",-2,42.5065188416458,26316.76,10.1779612775578,2010-08-01
"AA-AA-000-0000","kri0001",-2,42.7864795197905,26421.32,10.1819265389781,2010-08-01
"AA-AA-000-0000","kri0001",-2,43.0666593342922,26525.88,10.1858761391807,2010-08-01
"AA-AA-000-0000","kri0001",-2,43.347056990729,26630.44,10.1898102013902,2010-08-01
"AA-AA-000-0000","kri0001",-2,43.6276712073725,26735,10.1937288473828,2010-08-01
"AA-AA-000-0000","kri0001",-2,43.9085007150143,26839.56,10.1976321975086,2010-08-01
"AA-AA-000-0000","kri0001",2,9.45859012891883,490.44,6.19530294736419,2010-08-01
"AA-AA-000-0000","kri0001",2,10.6230245710259,595,6.38856140554563,2010-08-01
"AA-AA-000-0000","kri0001",2,11.7219790658369,699.56,6.55045156598099,2010-08-01
"AA-AA-000-0000","kri0001",2,12.7697107012317,804.12,6.68974851177308,2010-08-01
"AA-AA-000-0000","kri0001",2,13.7759496159056,908.68,6.81199299699502,2010-08-01
"AA-AA-000-0000","kri0001",2,14.7476873906947,1013.24,6.92090839622705,2010-08-01
"AA-AA-000-0000","kri0001",2,15.6901481676489,1117.8,7.0191177468356,2010-08-01
"AA-AA-000-0000","kri0001",2,16.6073573225484,1222.36,7.10853869536377,2010-08-01
"AA-AA-000-0000","kri0001",2,17.5024945065434,1326.92,7.1906157461547,2010-08-01
"AA-AA-000-0000","kri0001",2,18.3781232924032,1431.48,7.26646415308185,2010-08-01
"AA-AA-000-0000","kri0001",2,19.236346371039,1536.04,7.33696295503521,2010-08-01
"AA-AA-000-0000","kri0001",2,20.0789138309141,1640.6,7.40281730756865,2010-08-01
"AA-AA-000-0000","kri0001",2,20.9073007723278,1745.16,7.46460152097762,2010-08-01
"AA-AA-000-0000","kri0001",2,21.7227642468231,1849.72,7.52278955526625,2010-08-01
"AA-AA-000-0000","kri0001",2,22.5263858792209,1954.28,7.57777711814034,2010-08-01
"AA-AA-000-0000","kri0001",2,23.3191043409901,2058.84,7.62989799638333,2010-08-01
"AA-AA-000-0000","kri0001",2,24.1017404808886,2163.4,7.67943633719619,2010-08-01
"AA-AA-000-0000","kri0001",2,24.8750170455987,2267.96,7.72663602800781,2010-08-01
"AA-AA-000-0000","kri0001",2,25.639574349171,2372.52,7.77170796037479,2010-08-01
"AA-AA-000-0000","kri0001",2,26.3959828642743,2477.08,7.81483572610145,2010-08-01
"AA-AA-000-0000","kri0001",2,27.1447534435652,2581.64,7.85618013488484,2010-08-01
"AA-AA-000-0000","kri0001",2,27.886345694569,2686.2,7.89588283447497,2010-08-01
"AA-AA-000-0000","kri0001",2,28.621174900104,2790.76,7.93406923915457,2010-08-01
"AA-AA-000-0000","kri0001",2,29.3496177815535,2895.32,7.97085091930438,2010-08-01
"AA-AA-000-0000","kri0001",2,30.0720173330336,2999.88,8.00632756685023,2010-08-01
"AA-AA-000-0000","kri0001",2,30.7886869032161,3104.44,8.04058862383448,2010-08-01
"AA-AA-000-0000","kri0001",2,31.499913663152,3209,8.07371464110986,2010-08-01
"AA-AA-000-0000","kri0001",2,32.2059615693409,3313.56,8.1057784191054,2010-08-01
"AA-AA-000-0000","kri0001",2,32.9070739090386,3418.12,8.1368459713097,2010-08-01
"AA-AA-000-0000","kri0001",2,33.6034754976141,3522.68,8.16697734253824,2010-08-01
"AA-AA-000-0000","kri0001",2,34.2953745843826,3627.24,8.19622730748249,2010-08-01
"AA-AA-000-0000","kri0001",2,34.9829645128381,3731.8,8.22464596996315,2010-08-01
"AA-AA-000-0000","kri0001",2,35.6664251728945,3836.36,8.25227927935799,2010-08-01
"AA-AA-000-0000","kri0001",2,36.3459242761237,3940.92,8.27916947757258,2010-08-01
"AA-AA-000-0000","kri0001",2,37.021618479665,4045.48,8.305355487471,2010-08-01
"AA-AA-000-0000","kri0001",2,37.6936543801911,4150.04,8.33087325173251,2010-08-01
"AA-AA-000-0000","kri0001",2,38.362169395836,4254.6,8.35575602953801,2010-08-01
"AA-AA-000-0000","kri0001",2,39.0272925511425,4359.16,8.38003465723119,2010-08-01
"AA-AA-000-0000","kri0001",2,39.6891451777547,4463.72,8.40373777807958,2010-08-01
"AA-AA-000-0000","kri0001",2,40.347841541651,4568.28,8.4268920454293,2010-08-01
"AA-AA-000-0000","kri0001",2,41.0034894061175,4672.84,8.44952230286751,2010-08-01
"AA-AA-000-0000","kri0001",2,41.6561905383298,4777.4,8.47165174444586,2010-08-01
"AA-AA-000-0000","kri0001",2,42.3060411662957,4881.96,8.49330205755596,2010-08-01
"AA-AA-000-0000","kri0001",2,42.9531323919794,4986.52,8.51449355066312,2010-08-01
"AA-AA-000-0000","kri0001",2,43.5975505656339,5091.08,8.53524526778398,2010-08-01
"AA-AA-000-0000","kri0001",2,44.2393776257048,5195.64,8.55557509132557,2010-08-01
"AA-AA-000-0000","kri0001",2,44.8786914080967,5300.2,8.57549983467729,2010-08-01
"AA-AA-000-0000","kri0001",2,45.5155659281126,5404.76,8.5950353257572,2010-08-01
"AA-AA-000-0000","kri0001",2,46.1500716379595,5509.32,8.61419648255285,2010-08-01
"AA-AA-000-0000","kri0001",2,46.7822756623608,5613.88,8.63299738155978,2010-08-01
"AA-AA-000-0000","kri0001",2,47.4122420145074,5718.44,8.65145131990427,2010-08-01
"AA-AA-000-0000","kri0001",2,48.0400317943171,5823,8.66957087183712,2010-08-01
"AA-AA-000-0000","kri0001",2,48.6657033707412,5927.56,8.68736794019959,2010-08-01
"AA-AA-000-0000","kri0001",2,49.2893125496614,6032.12,8.70485380338912,2010-08-01
"AA-AA-000-0000","kri0001",2,49.9109127287427,6136.68,8.72203915828886,2010-08-01
"AA-AA-000-0000","kri0001",2,50.530555040462,6241.24,8.73893415957039,2010-08-01
"AA-AA-000-0000","kri0001",2,51.1482884843967,6345.8,8.75554845573097,2010-08-01
"AA-AA-000-0000","kri0001",2,51.7641600497426,6450.36,8.77189122218577,2010-08-01
"AA-AA-000-0000","kri0001",2,52.3782148289293,6554.92,8.78797119169922,2010-08-01
"AA-AA-000-0000","kri0001",2,52.9904961231112,6659.48,8.80379668240811,2010-08-01
"AA-AA-000-0000","kri0001",2,53.601045540233,6764.04,8.81937562366154,2010-08-01
"AA-AA-000-0000","kri0001",2,54.2099030862982,6868.6,8.8347155798789,2010-08-01
"AA-AA-000-0000","kri0001",2,54.8171072504087,6973.16,8.84982377260526,2010-08-01
"AA-AA-000-0000","kri0001",2,55.4226950840868,7077.72,8.86470710092541,2010-08-01
"AA-AA-000-0000","kri0001",2,56.0267022753418,7182.28,8.87937216038086,2010-08-01
"AA-AA-000-0000","kri0001",2,56.6291632179022,7286.84,8.89382526051966,2010-08-01
"AA-AA-000-0000","kri0001",2,57.2301110759923,7391.4,8.90807244119598,2010-08-01
"AA-AA-000-0000","kri0001",2,57.8295778449993,7495.96,8.92211948772472,2010-08-01
"AA-AA-000-0000","kri0001",2,58.4275944083453,7600.52,8.93597194498644,2010-08-01
"AA-AA-000-0000","kri0001",2,59.0241905908495,7705.08,8.94963513056858,2010-08-01
"AA-AA-000-0000","kri0001",2,59.6193952088434,7809.64,8.96311414702101,2010-08-01
"AA-AA-000-0000","kri0001",2,60.2132361172753,7914.2,8.9764138932965,2010-08-01
"AA-AA-000-0000","kri0001",2,60.8057402540237,8018.76,8.98953907544033,2010-08-01
"AA-AA-000-0000","kri0001",2,61.396933681619,8123.32,9.00249421658746,2010-08-01
"AA-AA-000-0000","kri0001",2,61.9868416265549,8227.88,9.01528366632036,2010-08-01
"AA-AA-000-0000","kri0001",2,62.5754885163601,8332.44,9.0279116094359,2010-08-01
"AA-AA-000-0000","kri0001",2,63.1628980145817,8437,9.04038207416563,2010-08-01
"AA-AA-000-0000","kri0001",2,63.749093053824,8541.56,9.05269893988975,2010-08-01
"AA-AA-000-0000","kri0001",2,64.3340958669728,8646.12,9.06486594438178,2010-08-01
"AA-AA-000-0000","kri0001",2,64.9179280167248,8750.68,9.07688669061778,2010-08-01
"AA-AA-000-0000","kri0001",2,65.5006104235348,8855.24,9.0887646531811,2010-08-01
"AA-AA-000-0000","kri0001",2,66.0821633920811,8959.8,9.10050318429128,2010-08-01
"AA-AA-000-0000","kri0001",2,66.6626066363456,9064.36,9.11210551948311,2010-08-01
"AA-AA-000-0000","kri0001",2,67.2419593033958,9168.92,9.12357478296003,2010-08-01
"AA-AA-000-0000","kri0001",2,67.8202399959489,9273.48,9.13491399264399,2010-08-01
"AA-AA-000-0000","kri0001",2,68.3974667937952,9378.04,9.14612606494221,2010-08-01
"AA-AA-000-0000","kri0001",2,68.973657274149,9482.6,9.15721381924961,2010-08-01
"AA-AA-000-0000","kri0001",2,69.548828530992,9587.16,9.16817998220445,2010-08-01
"AA-AA-000-0000","kri0001",2,70.1229971934708,9691.72,9.17902719171307,2010-08-01
"AA-AA-000-0000","kri0001",2,70.6961794434028,9796.28,9.18975800075871,2010-08-01
"AA-AA-000-0000","kri0001",2,71.2683910319436,9900.84,9.2003748810081,2010-08-01
"AA-AA-000-0000","kri0001",2,71.8396472954648,10005.4,9.21088022622865,2010-08-01
"AA-AA-000-0000","kri0001",2,72.4099631706863,10109.96,9.22127635552796,2010-08-01
"AA-AA-000-0000","kri0001",2,72.9793532091067,10214.52,9.23156551642667,2010-08-01
"AA-AA-000-0000","kri0001",2,73.5478315907701,10319.08,9.24174988777488,2010-08-01
"AA-AA-000-0000","kri0001",2,74.1154121374074,10423.64,9.25183158252143,2010-08-01
"AA-AA-000-0000","kri0001",2,74.6821083249849,10528.2,9.26181265034515,2010-08-01
"AA-AA-000-0000","kri0001",2,75.2479332956946,10632.76,9.27169508015587,2010-08-01
"AA-AA-000-0000","kri0001",2,75.8128998694141,10737.32,9.2814808024733,2010-08-01
"AA-AA-000-0000","kri0001",2,76.3770205546661,10841.88,9.29117169169041,2010-08-01
"AA-AA-000-0000","kri0001",2,76.9403075591031,10946.44,9.30076956822833,2010-08-01
"AA-AA-000-0000","kri0001",2,77.502772799543,11051,9.31027620058878,2010-08-01
"AA-AA-000-0000","kri0001",2,78.0644279115777,11155.56,9.31969330730984,2010-08-01
"AA-AA-000-0000","kri0001",2,78.6252842587775,11260.12,9.3290225588305,2010-08-01
"AA-AA-000-0000","kri0001",2,79.1853529415124,11364.68,9.33826557926903,2010-08-01
"AA-AA-000-0000","kri0001",2,79.7446448054081,11469.24,9.34742394811994,2010-08-01
"AA-AA-000-0000","kri0001",2,80.3031704494564,11573.8,9.35649920187389,2010-08-01
"AA-AA-000-0000","kri0001",2,80.8609402337966,11678.36,9.36549283556477,2010-08-01
"AA-AA-000-0000","kri0001",2,81.4179642871836,11782.92,9.37440630424788,2010-08-01
"AA-AA-000-0000","kri0001",2,81.9742525141591,11887.48,9.38324102441269,2010-08-01
"AA-AA-000-0000","kri0001",2,82.5298146019393,11992.04,9.39199837533391,2010-08-01
"AA-AA-000-0000","kri0001",2,83.0846600270324,12096.6,9.40067970036372,2010-08-01
"AA-AA-000-0000","kri0001",2,83.6387980616003,12201.16,9.40928630816856,2010-08-01
"AA-AA-000-0000","kri0001",2,84.1922377795744,12305.72,9.41781947391302,2010-08-01
"AA-AA-000-0000","kri0001",2,84.7449880625387,12410.28,9.42628044039376,2010-08-01
"AA-AA-000-0000","kri0001",2,85.2970576053902,12514.84,9.43467041912574,2010-08-01
"AA-AA-000-0000","kri0001",2,85.8484549217867,12619.4,9.44299059138336,2010-08-01
"AA-AA-000-0000","kri0001",2,86.3991883493924,12723.96,9.45124210919858,2010-08-01
"AA-AA-000-0000","kri0001",2,86.9492660549291,12828.52,9.45942609631826,2010-08-01
"AA-AA-000-0000","kri0001",2,87.498696039043,12933.08,9.46754364912255,2010-08-01
"AA-AA-000-0000","kri0001",2,88.0474861409953,13037.64,9.47559583750641,2010-08-01
"AA-AA-000-0000","kri0001",2,88.5956440431824,13142.2,9.48358370572582,2010-08-01
"AA-AA-000-0000","kri0001",2,89.1431772754963,13246.76,9.49150827321056,2010-08-01
"AA-AA-000-0000","kri0001",2,89.6900932195292,13351.32,9.49937053534494,2010-08-01
"AA-AA-000-0000","kri0001",2,90.2363991126305,13455.88,9.50717146421815,2010-08-01
"AA-AA-000-0000","kri0001",2,90.7821020518226,13560.44,9.51491200934553,2010-08-01
"AA-AA-000-0000","kri0001",2,91.3272089975805,13665,9.52259309836217,2010-08-01
"AA-AA-000-0000","kri0001",2,91.8717267774822,13769.56,9.53021563769003,2010-08-01
"AA-AA-000-0000","kri0001",2,92.4156620897335,13874.12,9.53778051317986,2010-08-01
"AA-AA-000-0000","kri0001",2,92.9590215065751,13978.68,9.54528859072904,2010-08-01
"AA-AA-000-0000","kri0001",2,93.5018114775733,14083.24,9.55274071687631,2010-08-01
"AA-AA-000-0000","kri0001",2,94.0440383328028,14187.8,9.56013771937465,2010-08-01
"AA-AA-000-0000","kri0001",2,94.5857082859228,14292.36,9.56748040774294,2010-08-01
"AA-AA-000-0000","kri0001",2,95.1268274371526,14396.92,9.57476957379771,2010-08-01
"AA-AA-000-0000","kri0001",2,95.6674017761501,14501.48,9.5820059921655,2010-08-01
"AA-AA-000-0000","kri0001",2,96.207437184797,14606.04,9.58919042077688,2010-08-01
"AA-AA-000-0000","kri0001",2,96.7469394398941,14710.6,9.59632360134285,2010-08-01
"AA-AA-000-0000","kri0001",2,97.2859142157716,14815.16,9.60340625981435,2010-08-01
"AA-AA-000-0000","kri0001",2,97.8243670868151,14919.72,9.61043910682562,2010-08-01
"AA-AA-000-0000","kri0001",2,98.3623035299135,15024.28,9.61742283812209,2010-08-01
"AA-AA-000-0000","kri0001",2,98.8997289268292,15128.84,9.6243581349734,2010-08-01
"AA-AA-000-0000","kri0001",2,99.4366485664958,15233.4,9.63124566457222,2010-08-01
"AA-AA-000-0000","kri0001",2,99.9730676472441,15337.96,9.63808608041946,2010-08-01
"AA-AA-000-0000","kri0001",2,100.50899127896,15442.52,9.6448800226963,2010-08-01
"AA-AA-000-0000","kri0001",2,101.044424485179,15547.08,9.65162811862377,2010-08-01
"AA-AA-000-0000","kri0001",2,101.57937220511,15651.64,9.65833098281023,2010-08-01
"AA-AA-000-0000","kri0001",2,102.113839295612,15756.2,9.66498921758728,2010-08-01
"AA-AA-000-0000","kri0001",2,102.647830533096,15860.76,9.67160341333457,2010-08-01
"AA-AA-000-0000","kri0001",2,103.181350615383,15965.32,9.67817414879392,2010-08-01
"AA-AA-000-0000","kri0001",2,103.7144041635,16069.88,9.68470199137325,2010-08-01
"AA-AA-000-0000","kri0001",2,104.246995723427,16174.44,9.69118749744056,2010-08-01
"AA-AA-000-0000","kri0001",2,104.779129767792,16279,9.69763121260851,2010-08-01
"AA-AA-000-0000","kri0001",2,105.310810697519,16383.56,9.70403367200987,2010-08-01
"AA-AA-000-0000","kri0001",2,105.842042843425,16488.12,9.71039540056419,2010-08-01
"AA-AA-000-0000","kri0001",2,106.372830467774,16592.68,9.71671691323606,2010-08-01
"AA-AA-000-0000","kri0001",2,106.903177765787,16697.24,9.72299871528527,2010-08-01
"AA-AA-000-0000","kri0001",2,107.43308886711,16801.8,9.72924130250911,2010-08-01
"AA-AA-000-0000","kri0001",2,107.962567837238,16906.36,9.73544516147723,2010-08-01
"AA-AA-000-0000","kri0001",2,108.491618678904,17010.92,9.74161076975919,2010-08-01
"AA-AA-000-0000","kri0001",2,109.020245333425,17115.48,9.74773859614507,2010-08-01
"AA-AA-000-0000","kri0001",2,109.548451682015,17220.04,9.7538291008594,2010-08-01
"AA-AA-000-0000","kri0001",2,110.07624154706,17324.6,9.75988273576848,2010-08-01
"AA-AA-000-0000","kri0001",2,110.603618693356,17429.16,9.76589994458167,2010-08-01
"AA-AA-000-0000","kri0001",2,111.130586829321,17533.72,9.77188116304646,2010-08-01
"AA-AA-000-0000","kri0001",2,111.657149608168,17638.28,9.77782681913786,2010-08-01
"AA-AA-000-0000","kri0001",2,112.183310629047,17742.84,9.78373733324216,2010-08-01
"AA-AA-000-0000","kri0001",2,112.70907343816,17847.4,9.78961311833528,2010-08-01
"AA-AA-000-0000","kri0001",2,113.234441529847,17951.96,9.79545458015595,2010-08-01
"AA-AA-000-0000","kri0001",2,113.759418347637,18056.52,9.80126211737377,2010-08-01
"AA-AA-000-0000","kri0001",2,114.284007285283,18161.08,9.80703612175257,2010-08-01
"AA-AA-000-0000","kri0001",2,114.808211687756,18265.64,9.81277697830891,2010-08-01
"AA-AA-000-0000","kri0001",2,115.332034852227,18370.2,9.81848506546618,2010-08-01
"AA-AA-000-0000","kri0001",2,115.855480029016,18474.76,9.82416075520428,2010-08-01
"AA-AA-000-0000","kri0001",2,116.378550422515,18579.32,9.82980441320509,2010-08-01
"AA-AA-000-0000","kri0001",2,116.901249192099,18683.88,9.83541639899379,2010-08-01
"AA-AA-000-0000","kri0001",2,117.423579453001,18788.44,9.84099706607641,2010-08-01
"AA-AA-000-0000","kri0001",2,117.945544277171,18893,9.84654676207332,2010-08-01
"AA-AA-000-0000","kri0001",2,118.467146694115,18997.56,9.85206582884926,2010-08-01
"AA-AA-000-0000","kri0001",2,118.988389691711,19102.12,9.85755460263966,2010-08-01
"AA-AA-000-0000","kri0001",2,119.509276217005,19206.68,9.86301341417357,2010-08-01
"AA-AA-000-0000","kri0001",2,120.029809176987,19311.24,9.86844258879326,2010-08-01
"AA-AA-000-0000","kri0001",2,120.549991439351,19415.8,9.87384244657052,2010-08-01
"AA-AA-000-0000","kri0001",2,121.069825833236,19520.36,9.87921330241997,2010-08-01
"AA-AA-000-0000","kri0001",2,121.589315149942,19624.92,9.88455546620918,2010-08-01
"AA-AA-000-0000","kri0001",2,122.108462143641,19729.48,9.88986924286599,2010-08-01
"AA-AA-000-0000","kri0001",2,122.627269532062,19834.04,9.89515493248297,2010-08-01
"AA-AA-000-0000","kri0001",2,123.145739997162,19938.6,9.90041283041905,2010-08-01
"AA-AA-000-0000","kri0001",2,123.663876185782,20043.16,9.90564322739863,2010-08-01
"AA-AA-000-0000","kri0001",2,124.181680710289,20147.72,9.91084640960797,2010-08-01
"AA-AA-000-0000","kri0001",2,124.699156149201,20252.28,9.91602265878921,2010-08-01
"AA-AA-000-0000","kri0001",2,125.216305047795,20356.84,9.92117225233188,2010-08-01
"AA-AA-000-0000","kri0001",2,125.733129918707,20461.4,9.92629546336211,2010-08-01
"AA-AA-000-0000","kri0001",2,126.249633242513,20565.96,9.93139256082955,2010-08-01
"AA-AA-000-0000","kri0001",2,126.765817468302,20670.52,9.93646380959208,2010-08-01
"AA-AA-000-0000","kri0001",2,127.281685014229,20775.08,9.94150947049842,2010-08-01
"AA-AA-000-0000","kri0001",2,127.797238268059,20879.64,9.94652980046863,2010-08-01
"AA-AA-000-0000","kri0001",2,128.312479587704,20984.2,9.95152505257258,2010-08-01
"AA-AA-000-0000","kri0001",2,128.827411301739,21088.76,9.95649547610655,2010-08-01
"AA-AA-000-0000","kri0001",2,129.342035709909,21193.32,9.96144131666783,2010-08-01
"AA-AA-000-0000","kri0001",2,129.85635508363,21297.88,9.96636281622759,2010-08-01
"AA-AA-000-0000","kri0001",2,130.370371666475,21402.44,9.97126021320189,2010-08-01
"AA-AA-000-0000","kri0001",2,130.884087674645,21507,9.97613374252098,2010-08-01
"AA-AA-000-0000","kri0001",2,131.39750529744,21611.56,9.98098363569693,2010-08-01
"AA-AA-000-0000","kri0001",2,131.91062669771,21716.12,9.98581012088961,2010-08-01
"AA-AA-000-0000","kri0001",2,132.423454012301,21820.68,9.99061342297113,2010-08-01
"AA-AA-000-0000","kri0001",2,132.935989352493,21925.24,9.99539376358868,2010-08-01
"AA-AA-000-0000","kri0001",2,133.448234804422,22029.8,10.0001513612259,2010-08-01
"AA-AA-000-0000","kri0001",2,133.960192429502,22134.36,10.0048864312628,2010-08-01
"AA-AA-000-0000","kri0001",2,134.471864264829,22238.92,10.0095991860343,2010-08-01
"AA-AA-000-0000","kri0001",2,134.983252323583,22343.48,10.0142898348873,2010-08-01
"AA-AA-000-0000","kri0001",2,135.494358595419,22448.04,10.0189585842366,2010-08-01
"AA-AA-000-0000","kri0001",2,136.005185046849,22552.6,10.0236056376192,2010-08-01
"AA-AA-000-0000","kri0001",2,136.515733621619,22657.16,10.0282311957477,2010-08-01
"AA-AA-000-0000","kri0001",2,137.026006241076,22761.72,10.0328354565624,2010-08-01
"AA-AA-000-0000","kri0001",2,137.536004804525,22866.28,10.0374186152819,2010-08-01
"AA-AA-000-0000","kri0001",2,138.045731189584,22970.84,10.0419808644529,2010-08-01
"AA-AA-000-0000","kri0001",2,138.555187252529,23075.4,10.0465223939987,2010-08-01
"AA-AA-000-0000","kri0001",2,139.064374828631,23179.96,10.0510433912667,2010-08-01
"AA-AA-000-0000","kri0001",2,139.573295732489,23284.52,10.0555440410747,2010-08-01
"AA-AA-000-0000","kri0001",2,140.081951758351,23389.08,10.0600245257563,2010-08-01
"AA-AA-000-0000","kri0001",2,140.590344680437,23493.64,10.0644850252052,2010-08-01
"AA-AA-000-0000","kri0001",2,141.098476253246,23598.2,10.0689257169185,2010-08-01
"AA-AA-000-0000","kri0001",2,141.606348211866,23702.76,10.073346776039,2010-08-01
"AA-AA-000-0000","kri0001",2,142.113962272268,23807.32,10.077748375397,2010-08-01
"AA-AA-000-0000","kri0001",2,142.621320131604,23911.88,10.0821306855504,2010-08-01
"AA-AA-000-0000","kri0001",2,143.128423468493,24016.44,10.0864938748247,2010-08-01
"AA-AA-000-0000","kri0001",2,143.635273943304,24121,10.0908381093515,2010-08-01
"AA-AA-000-0000","kri0001",2,144.141873198431,24225.56,10.0951635531068,2010-08-01
"AA-AA-000-0000","kri0001",2,144.648222858564,24330.12,10.0994703679479,2010-08-01
"AA-AA-000-0000","kri0001",2,145.154324530959,24434.68,10.1037587136496,2010-08-01
"AA-AA-000-0000","kri0001",2,145.660179805694,24539.24,10.1080287479402,2010-08-01
"AA-AA-000-0000","kri0001",2,146.165790255926,24643.8,10.1122806265359,2010-08-01
"AA-AA-000-0000","kri0001",2,146.671157438145,24748.36,10.1165145031751,2010-08-01
"AA-AA-000-0000","kri0001",2,147.176282892417,24852.92,10.1207305296518,2010-08-01
"AA-AA-000-0000","kri0001",2,147.681168142627,24957.48,10.1249288558479,2010-08-01
"AA-AA-000-0000","kri0001",2,148.185814696715,25062.04,10.1291096297658,2010-08-01
"AA-AA-000-0000","kri0001",2,148.69022404691,25166.6,10.1332729975589,2010-08-01
"AA-AA-000-0000","kri0001",2,149.194397669957,25271.16,10.1374191035629,2010-08-01
"AA-AA-000-0000","kri0001",2,149.698337027343,25375.72,10.1415480903258,2010-08-01
"AA-AA-000-0000","kri0001",2,150.202043565512,25480.28,10.1456600986367,2010-08-01
"AA-AA-000-0000","kri0001",2,150.705518716088,25584.84,10.1497552675554,2010-08-01
"AA-AA-000-0000","kri0001",2,151.20876389608,25689.4,10.15383373444,2010-08-01
"AA-AA-000-0000","kri0001",2,151.711780508095,25793.96,10.1578956349749,2010-08-01
"AA-AA-000-0000","kri0001",2,152.214569940539,25898.52,10.1619411031978,2010-08-01
"AA-AA-000-0000","kri0001",2,152.717133567819,26003.08,10.1659702715261,2010-08-01
"AA-AA-000-0000","kri0001",2,153.219472750537,26107.64,10.1699832707831,2010-08-01
"AA-AA-000-0000","kri0001",2,153.72158883569,26212.2,10.1739802302234,2010-08-01
"AA-AA-000-0000","kri0001",2,154.223483156853,26316.76,10.1779612775578,2010-08-01
"AA-AA-000-0000","kri0001",2,154.725157034366,26421.32,10.1819265389781,2010-08-01
"AA-AA-000-0000","kri0001",2,155.226611775523,26525.88,10.1858761391807,2010-08-01
"AA-AA-000-0000","kri0001",2,155.727848674744,26630.44,10.1898102013902,2010-08-01
"AA-AA-000-0000","kri0001",2,156.228869013759,26735,10.1937288473828,2010-08-01
"AA-AA-000-0000","kri0001",2,156.729674061775,26839.56,10.1976321975086,2010-08-01
"AA-AA-000-0000","kri0001",3,13.2713185056463,490.44,6.19530294736419,2010-08-01
"AA-AA-000-0000","kri0001",3,14.8225615298925,595,6.38856140554563,2010-08-01
"AA-AA-000-0000","kri0001",3,16.2755846331943,699.56,6.55045156598099,2010-08-01
"AA-AA-000-0000","kri0001",3,17.6517734473721,804.12,6.68974851177308,2010-08-01
"AA-AA-000-0000","kri0001",3,18.9657231804683,908.68,6.81199299699502,2010-08-01
"AA-AA-000-0000","kri0001",3,20.2279212037374,1013.24,6.92090839622705,2010-08-01
"AA-AA-000-0000","kri0001",3,21.4462037302542,1117.8,7.0191177468356,2010-08-01
"AA-AA-000-0000","kri0001",3,22.6266088236889,1222.36,7.10853869536377,2010-08-01
"AA-AA-000-0000","kri0001",3,23.7739059607668,1326.92,7.1906157461547,2010-08-01
"AA-AA-000-0000","kri0001",3,24.8919405006419,1431.48,7.26646415308185,2010-08-01
"AA-AA-000-0000","kri0001",3,25.9838664796811,1536.04,7.33696295503521,2010-08-01
"AA-AA-000-0000","kri0001",3,27.0523090305792,1640.6,7.40281730756865,2010-08-01
"AA-AA-000-0000","kri0001",3,28.0994808037853,1745.16,7.46460152097762,2010-08-01
"AA-AA-000-0000","kri0001",3,29.1272673766136,1849.72,7.52278955526625,2010-08-01
"AA-AA-000-0000","kri0001",3,30.1372911862958,1954.28,7.57777711814034,2010-08-01
"AA-AA-000-0000","kri0001",3,31.130960240035,2058.84,7.62989799638333,2010-08-01
"AA-AA-000-0000","kri0001",3,32.1095058109683,2163.4,7.67943633719619,2010-08-01
"AA-AA-000-0000","kri0001",3,33.0740120191188,2267.96,7.72663602800781,2010-08-01
"AA-AA-000-0000","kri0001",3,34.0254393355628,2372.52,7.77170796037479,2010-08-01
"AA-AA-000-0000","kri0001",3,34.9646434693032,2477.08,7.81483572610145,2010-08-01
"AA-AA-000-0000","kri0001",3,35.892390699325,2581.64,7.85618013488484,2010-08-01
"AA-AA-000-0000","kri0001",3,36.8093704369162,2686.2,7.89588283447497,2010-08-01
"AA-AA-000-0000","kri0001",3,37.716205606304,2790.76,7.93406923915457,2010-08-01
"AA-AA-000-0000","kri0001",3,38.6134612895639,2895.32,7.97085091930438,2010-08-01
"AA-AA-000-0000","kri0001",3,39.5016519778694,2999.88,8.00632756685023,2010-08-01
"AA-AA-000-0000","kri0001",3,40.3812476942286,3104.44,8.04058862383448,2010-08-01
"AA-AA-000-0000","kri0001",3,41.2526791952179,3209,8.07371464110986,2010-08-01
"AA-AA-000-0000","kri0001",3,42.1163424155867,3313.56,8.1057784191054,2010-08-01
"AA-AA-000-0000","kri0001",3,42.9726022862187,3418.12,8.1368459713097,2010-08-01
"AA-AA-000-0000","kri0001",3,43.8217960301674,3522.68,8.16697734253824,2010-08-01
"AA-AA-000-0000","kri0001",3,44.6642360214057,3627.24,8.19622730748249,2010-08-01
"AA-AA-000-0000","kri0001",3,45.5002122751743,3731.8,8.22464596996315,2010-08-01
"AA-AA-000-0000","kri0001",3,46.3299946263443,3836.36,8.25227927935799,2010-08-01
"AA-AA-000-0000","kri0001",3,47.1538346422737,3940.92,8.27916947757258,2010-08-01
"AA-AA-000-0000","kri0001",3,47.9719673086711,4045.48,8.305355487471,2010-08-01
"AA-AA-000-0000","kri0001",3,48.7846125205457,4150.04,8.33087325173251,2010-08-01
"AA-AA-000-0000","kri0001",3,49.5919764050984,4254.6,8.35575602953801,2010-08-01
"AA-AA-000-0000","kri0001",3,50.3942524991437,4359.16,8.38003465723119,2010-08-01
"AA-AA-000-0000","kri0001",3,51.1916228001474,4463.72,8.40373777807958,2010-08-01
"AA-AA-000-0000","kri0001",3,51.9842587070773,4568.28,8.4268920454293,2010-08-01
"AA-AA-000-0000","kri0001",3,52.7723218648625,4672.84,8.44952230286751,2010-08-01
"AA-AA-000-0000","kri0001",3,53.5559649242664,4777.4,8.47165174444586,2010-08-01
"AA-AA-000-0000","kri0001",3,54.3353322273008,4881.96,8.49330205755596,2010-08-01
"AA-AA-000-0000","kri0001",3,55.1105604269117,4986.52,8.51449355066312,2010-08-01
"AA-AA-000-0000","kri0001",3,55.8817790484789,5091.08,8.53524526778398,2010-08-01
"AA-AA-000-0000","kri0001",3,56.6491109996707,5195.64,8.55557509132557,2010-08-01
"AA-AA-000-0000","kri0001",3,57.4126730343441,5300.2,8.57549983467729,2010-08-01
"AA-AA-000-0000","kri0001",3,58.1725761754534,5404.76,8.5950353257572,2010-08-01
"AA-AA-000-0000","kri0001",3,58.9289261013092,5509.32,8.61419648255285,2010-08-01
"AA-AA-000-0000","kri0001",3,59.6818234989966,5613.88,8.63299738155978,2010-08-01
"AA-AA-000-0000","kri0001",3,60.431364388302,5718.44,8.65145131990427,2010-08-01
"AA-AA-000-0000","kri0001",3,61.1776404191018,5823,8.66957087183712,2010-08-01
"AA-AA-000-0000","kri0001",3,61.9207391448236,5927.56,8.68736794019959,2010-08-01
"AA-AA-000-0000","kri0001",3,62.6607442742893,6032.12,8.70485380338912,2010-08-01
"AA-AA-000-0000","kri0001",3,63.3977359039967,6136.68,8.72203915828886,2010-08-01
"AA-AA-000-0000","kri0001",3,64.1317907326611,6241.24,8.73893415957039,2010-08-01
"AA-AA-000-0000","kri0001",3,64.8629822596486,6345.8,8.75554845573097,2010-08-01
"AA-AA-000-0000","kri0001",3,65.5913809687529,6450.36,8.77189122218577,2010-08-01
"AA-AA-000-0000","kri0001",3,66.3170544986184,6554.92,8.78797119169922,2010-08-01
"AA-AA-000-0000","kri0001",3,67.0400678009768,6659.48,8.80379668240811,2010-08-01
"AA-AA-000-0000","kri0001",3,67.7604832877449,6764.04,8.81937562366154,2010-08-01
"AA-AA-000-0000","kri0001",3,68.4783609679281,6868.6,8.8347155798789,2010-08-01
"AA-AA-000-0000","kri0001",3,69.1937585751794,6973.16,8.84982377260526,2010-08-01
"AA-AA-000-0000","kri0001",3,69.9067316867819,7077.72,8.86470710092541,2010-08-01
"AA-AA-000-0000","kri0001",3,70.6173338347498,7182.28,8.87937216038086,2010-08-01
"AA-AA-000-0000","kri0001",3,71.3256166096759,7286.84,8.89382526051966,2010-08-01
"AA-AA-000-0000","kri0001",3,72.0316297578965,7391.4,8.90807244119598,2010-08-01
"AA-AA-000-0000","kri0001",3,72.7354212724926,7495.96,8.92211948772472,2010-08-01
"AA-AA-000-0000","kri0001",3,73.437037478597,7600.52,8.93597194498644,2010-08-01
"AA-AA-000-0000","kri0001",3,74.1365231134388,7705.08,8.94963513056858,2010-08-01
"AA-AA-000-0000","kri0001",3,74.833921401515,7809.64,8.96311414702101,2010-08-01
"AA-AA-000-0000","kri0001",3,75.5292741252483,7914.2,8.9764138932965,2010-08-01
"AA-AA-000-0000","kri0001",3,76.2226216914564,8018.76,8.98953907544033,2010-08-01
"AA-AA-000-0000","kri0001",3,76.9140031939347,8123.32,9.00249421658746,2010-08-01
"AA-AA-000-0000","kri0001",3,77.6034564724241,8227.88,9.01528366632036,2010-08-01
"AA-AA-000-0000","kri0001",3,78.2910181682174,8332.44,9.0279116094359,2010-08-01
"AA-AA-000-0000","kri0001",3,78.9767237766352,8437,9.04038207416563,2010-08-01
"AA-AA-000-0000","kri0001",3,79.6606076965842,8541.56,9.05269893988975,2010-08-01
"AA-AA-000-0000","kri0001",3,80.3427032773928,8646.12,9.06486594438178,2010-08-01
"AA-AA-000-0000","kri0001",3,81.0230428631062,8750.68,9.07688669061778,2010-08-01
"AA-AA-000-0000","kri0001",3,81.7016578344067,8855.24,9.0887646531811,2010-08-01
"AA-AA-000-0000","kri0001",3,82.3785786483115,8959.8,9.10050318429128,2010-08-01
"AA-AA-000-0000","kri0001",3,83.0538348757938,9064.36,9.11210551948311,2010-08-01
"AA-AA-000-0000","kri0001",3,83.7274552374544,9168.92,9.12357478296003,2010-08-01
"AA-AA-000-0000","kri0001",3,84.3994676373696,9273.48,9.13491399264399,2010-08-01
"AA-AA-000-0000","kri0001",3,85.0698991952246,9378.04,9.14612606494221,2010-08-01
"AA-AA-000-0000","kri0001",3,85.7387762768407,9482.6,9.15721381924961,2010-08-01
"AA-AA-000-0000","kri0001",3,86.4061245231907,9587.16,9.16817998220445,2010-08-01
"AA-AA-000-0000","kri0001",3,87.0719688779943,9691.72,9.17902719171307,2010-08-01
"AA-AA-000-0000","kri0001",3,87.7363336139777,9796.28,9.18975800075871,2010-08-01
"AA-AA-000-0000","kri0001",3,88.3992423578743,9900.84,9.2003748810081,2010-08-01
"AA-AA-000-0000","kri0001",3,89.0607181142416,10005.4,9.21088022622865,2010-08-01
"AA-AA-000-0000","kri0001",3,89.7207832881594,10109.96,9.22127635552796,2010-08-01
"AA-AA-000-0000","kri0001",3,90.3794597068754,10214.52,9.23156551642667,2010-08-01
"AA-AA-000-0000","kri0001",3,91.036768640456,10319.08,9.24174988777488,2010-08-01
"AA-AA-000-0000","kri0001",3,91.6927308214973,10423.64,9.25183158252143,2010-08-01
"AA-AA-000-0000","kri0001",3,92.3473664639491,10528.2,9.26181265034515,2010-08-01
"AA-AA-000-0000","kri0001",3,93.0006952810992,10632.76,9.27169508015587,2010-08-01
"AA-AA-000-0000","kri0001",3,93.6527365027638,10737.32,9.2814808024733,2010-08-01
"AA-AA-000-0000","kri0001",3,94.3035088917272,10841.88,9.29117169169041,2010-08-01
"AA-AA-000-0000","kri0001",3,94.9530307594682,10946.44,9.30076956822833,2010-08-01
"AA-AA-000-0000","kri0001",3,95.6013199812136,11051,9.31027620058878,2010-08-01
"AA-AA-000-0000","kri0001",3,96.248394010351,11155.56,9.31969330730984,2010-08-01
"AA-AA-000-0000","kri0001",3,96.8942698922362,11260.12,9.3290225588305,2010-08-01
"AA-AA-000-0000","kri0001",3,97.538964277424,11364.68,9.33826557926903,2010-08-01
"AA-AA-000-0000","kri0001",3,98.182493434353,11469.24,9.34742394811994,2010-08-01
"AA-AA-000-0000","kri0001",3,98.8248732615109,11573.8,9.35649920187389,2010-08-01
"AA-AA-000-0000","kri0001",3,99.4661192991066,11678.36,9.36549283556477,2010-08-01
"AA-AA-000-0000","kri0001",3,100.106246740273,11782.92,9.37440630424788,2010-08-01
"AA-AA-000-0000","kri0001",3,100.745270441821,11887.48,9.38324102441269,2010-08-01
"AA-AA-000-0000","kri0001",3,101.383204934577,11992.04,9.39199837533391,2010-08-01
"AA-AA-000-0000","kri0001",3,102.020064433302,12096.6,9.40067970036372,2010-08-01
"AA-AA-000-0000","kri0001",3,102.65586284624,12201.16,9.40928630816856,2010-08-01
"AA-AA-000-0000","kri0001",3,103.290613784286,12305.72,9.41781947391302,2010-08-01
"AA-AA-000-0000","kri0001",3,103.924330569818,12410.28,9.42628044039376,2010-08-01
"AA-AA-000-0000","kri0001",3,104.557026245181,12514.84,9.43467041912574,2010-08-01
"AA-AA-000-0000","kri0001",3,105.188713580861,12619.4,9.44299059138336,2010-08-01
"AA-AA-000-0000","kri0001",3,105.819405083355,12723.96,9.45124210919858,2010-08-01
"AA-AA-000-0000","kri0001",3,106.449113002745,12828.52,9.45942609631826,2010-08-01
"AA-AA-000-0000","kri0001",3,107.077849340002,12933.08,9.46754364912255,2010-08-01
"AA-AA-000-0000","kri0001",3,107.705625854016,13037.64,9.47559583750641,2010-08-01
"AA-AA-000-0000","kri0001",3,108.332454068382,13142.2,9.48358370572582,2010-08-01
"AA-AA-000-0000","kri0001",3,108.958345277938,13246.76,9.49150827321056,2010-08-01
"AA-AA-000-0000","kri0001",3,109.583310555073,13351.32,9.49937053534494,2010-08-01
"AA-AA-000-0000","kri0001",3,110.20736075581,13455.88,9.50717146421815,2010-08-01
"AA-AA-000-0000","kri0001",3,110.830506525684,13560.44,9.51491200934553,2010-08-01
"AA-AA-000-0000","kri0001",3,111.452758305406,13665,9.52259309836217,2010-08-01
"AA-AA-000-0000","kri0001",3,112.074126336344,13769.56,9.53021563769003,2010-08-01
"AA-AA-000-0000","kri0001",3,112.694620665807,13874.12,9.53778051317986,2010-08-01
"AA-AA-000-0000","kri0001",3,113.314251152154,13978.68,9.54528859072904,2010-08-01
"AA-AA-000-0000","kri0001",3,113.933027469737,14083.24,9.55274071687631,2010-08-01
"AA-AA-000-0000","kri0001",3,114.550959113667,14187.8,9.56013771937465,2010-08-01
"AA-AA-000-0000","kri0001",3,115.168055404432,14292.36,9.56748040774294,2010-08-01
"AA-AA-000-0000","kri0001",3,115.784325492363,14396.92,9.57476957379771,2010-08-01
"AA-AA-000-0000","kri0001",3,116.399778361944,14501.48,9.5820059921655,2010-08-01
"AA-AA-000-0000","kri0001",3,117.014422836,14606.04,9.58919042077688,2010-08-01
"AA-AA-000-0000","kri0001",3,117.628267579731,14710.6,9.59632360134285,2010-08-01
"AA-AA-000-0000","kri0001",3,118.241321104633,14815.16,9.60340625981435,2010-08-01
"AA-AA-000-0000","kri0001",3,118.853591772284,14919.72,9.61043910682562,2010-08-01
"AA-AA-000-0000","kri0001",3,119.465087798016,15024.28,9.61742283812209,2010-08-01
"AA-AA-000-0000","kri0001",3,120.075817254475,15128.84,9.6243581349734,2010-08-01
"AA-AA-000-0000","kri0001",3,120.685788075061,15233.4,9.63124566457222,2010-08-01
"AA-AA-000-0000","kri0001",3,121.295008057269,15337.96,9.63808608041946,2010-08-01
"AA-AA-000-0000","kri0001",3,121.903484865929,15442.52,9.6448800226963,2010-08-01
"AA-AA-000-0000","kri0001",3,122.511226036342,15547.08,9.65162811862377,2010-08-01
"AA-AA-000-0000","kri0001",3,123.118238977325,15651.64,9.65833098281023,2010-08-01
"AA-AA-000-0000","kri0001",3,123.724530974163,15756.2,9.66498921758728,2010-08-01
"AA-AA-000-0000","kri0001",3,124.330109191474,15860.76,9.67160341333457,2010-08-01
"AA-AA-000-0000","kri0001",3,124.93498067599,15965.32,9.67817414879392,2010-08-01
"AA-AA-000-0000","kri0001",3,125.53915235925,16069.88,9.68470199137325,2010-08-01
"AA-AA-000-0000","kri0001",3,126.142631060226,16174.44,9.69118749744056,2010-08-01
"AA-AA-000-0000","kri0001",3,126.74542348786,16279,9.69763121260851,2010-08-01
"AA-AA-000-0000","kri0001",3,127.347536243536,16383.56,9.70403367200987,2010-08-01
"AA-AA-000-0000","kri0001",3,127.94897582348,16488.12,9.71039540056419,2010-08-01
"AA-AA-000-0000","kri0001",3,128.549748621089,16592.68,9.71671691323606,2010-08-01
"AA-AA-000-0000","kri0001",3,129.149860929194,16697.24,9.72299871528527,2010-08-01
"AA-AA-000-0000","kri0001",3,129.749318942264,16801.8,9.72924130250911,2010-08-01
"AA-AA-000-0000","kri0001",3,130.348128758541,16906.36,9.73544516147723,2010-08-01
"AA-AA-000-0000","kri0001",3,130.946296382126,17010.92,9.74161076975919,2010-08-01
"AA-AA-000-0000","kri0001",3,131.543827724993,17115.48,9.74773859614507,2010-08-01
"AA-AA-000-0000","kri0001",3,132.140728608964,17220.04,9.7538291008594,2010-08-01
"AA-AA-000-0000","kri0001",3,132.737004767616,17324.6,9.75988273576848,2010-08-01
"AA-AA-000-0000","kri0001",3,133.332661848146,17429.16,9.76589994458167,2010-08-01
"AA-AA-000-0000","kri0001",3,133.927705413179,17533.72,9.77188116304646,2010-08-01
"AA-AA-000-0000","kri0001",3,134.522140942535,17638.28,9.77782681913786,2010-08-01
"AA-AA-000-0000","kri0001",3,135.115973834938,17742.84,9.78373733324216,2010-08-01
"AA-AA-000-0000","kri0001",3,135.709209409693,17847.4,9.78961311833528,2010-08-01
"AA-AA-000-0000","kri0001",3,136.301852908309,17951.96,9.79545458015595,2010-08-01
"AA-AA-000-0000","kri0001",3,136.89390949608,18056.52,9.80126211737377,2010-08-01
"AA-AA-000-0000","kri0001",3,137.485384263634,18161.08,9.80703612175257,2010-08-01
"AA-AA-000-0000","kri0001",3,138.07628222843,18265.64,9.81277697830891,2010-08-01
"AA-AA-000-0000","kri0001",3,138.666608336222,18370.2,9.81848506546618,2010-08-01
"AA-AA-000-0000","kri0001",3,139.25636746249,18474.76,9.82416075520428,2010-08-01
"AA-AA-000-0000","kri0001",3,139.845564413824,18579.32,9.82980441320509,2010-08-01
"AA-AA-000-0000","kri0001",3,140.434203929286,18683.88,9.83541639899379,2010-08-01
"AA-AA-000-0000","kri0001",3,141.022290681725,18788.44,9.84099706607641,2010-08-01
"AA-AA-000-0000","kri0001",3,141.609829279065,18893,9.84654676207332,2010-08-01
"AA-AA-000-0000","kri0001",3,142.196824265567,18997.56,9.85206582884926,2010-08-01
"AA-AA-000-0000","kri0001",3,142.783280123046,19102.12,9.85755460263966,2010-08-01
"AA-AA-000-0000","kri0001",3,143.369201272071,19206.68,9.86301341417357,2010-08-01
"AA-AA-000-0000","kri0001",3,143.95459207313,19311.24,9.86844258879326,2010-08-01
"AA-AA-000-0000","kri0001",3,144.539456827762,19415.8,9.87384244657052,2010-08-01
"AA-AA-000-0000","kri0001",3,145.123799779674,19520.36,9.87921330241997,2010-08-01
"AA-AA-000-0000","kri0001",3,145.707625115819,19624.92,9.88455546620918,2010-08-01
"AA-AA-000-0000","kri0001",3,146.290936967453,19729.48,9.88986924286599,2010-08-01
"AA-AA-000-0000","kri0001",3,146.87373941117,19834.04,9.89515493248297,2010-08-01
"AA-AA-000-0000","kri0001",3,147.456036469905,19938.6,9.90041283041905,2010-08-01
"AA-AA-000-0000","kri0001",3,148.037832113921,20043.16,9.90564322739863,2010-08-01
"AA-AA-000-0000","kri0001",3,148.619130261768,20147.72,9.91084640960797,2010-08-01
"AA-AA-000-0000","kri0001",3,149.199934781221,20252.28,9.91602265878921,2010-08-01
"AA-AA-000-0000","kri0001",3,149.780249490197,20356.84,9.92117225233188,2010-08-01
"AA-AA-000-0000","kri0001",3,150.36007815765,20461.4,9.92629546336211,2010-08-01
"AA-AA-000-0000","kri0001",3,150.939424504445,20565.96,9.93139256082955,2010-08-01
"AA-AA-000-0000","kri0001",3,151.518292204214,20670.52,9.93646380959208,2010-08-01
"AA-AA-000-0000","kri0001",3,152.096684884189,20775.08,9.94150947049842,2010-08-01
"AA-AA-000-0000","kri0001",3,152.67460612602,20879.64,9.94652980046863,2010-08-01
"AA-AA-000-0000","kri0001",3,153.252059466574,20984.2,9.95152505257258,2010-08-01
"AA-AA-000-0000","kri0001",3,153.829048398711,21088.76,9.95649547610655,2010-08-01
"AA-AA-000-0000","kri0001",3,154.405576372051,21193.32,9.96144131666783,2010-08-01
"AA-AA-000-0000","kri0001",3,154.981646793719,21297.88,9.96636281622759,2010-08-01
"AA-AA-000-0000","kri0001",3,155.557263029072,21402.44,9.97126021320189,2010-08-01
"AA-AA-000-0000","kri0001",3,156.132428402412,21507,9.97613374252098,2010-08-01
"AA-AA-000-0000","kri0001",3,156.70714619769,21611.56,9.98098363569693,2010-08-01
"AA-AA-000-0000","kri0001",3,157.28141965918,21716.12,9.98581012088961,2010-08-01
"AA-AA-000-0000","kri0001",3,157.855251992152,21820.68,9.99061342297113,2010-08-01
"AA-AA-000-0000","kri0001",3,158.428646363525,21925.24,9.99539376358868,2010-08-01
"AA-AA-000-0000","kri0001",3,159.001605902505,22029.8,10.0001513612259,2010-08-01
"AA-AA-000-0000","kri0001",3,159.57413370121,22134.36,10.0048864312628,2010-08-01
"AA-AA-000-0000","kri0001",3,160.146232815286,22238.92,10.0095991860343,2010-08-01
"AA-AA-000-0000","kri0001",3,160.717906264502,22343.48,10.0142898348873,2010-08-01
"AA-AA-000-0000","kri0001",3,161.289157033341,22448.04,10.0189585842366,2010-08-01
"AA-AA-000-0000","kri0001",3,161.859988071572,22552.6,10.0236056376192,2010-08-01
"AA-AA-000-0000","kri0001",3,162.430402294814,22657.16,10.0282311957477,2010-08-01
"AA-AA-000-0000","kri0001",3,163.000402585084,22761.72,10.0328354565624,2010-08-01
"AA-AA-000-0000","kri0001",3,163.569991791343,22866.28,10.0374186152819,2010-08-01
"AA-AA-000-0000","kri0001",3,164.139172730016,22970.84,10.0419808644529,2010-08-01
"AA-AA-000-0000","kri0001",3,164.707948185519,23075.4,10.0465223939987,2010-08-01
"AA-AA-000-0000","kri0001",3,165.276320910758,23179.96,10.0510433912667,2010-08-01
"AA-AA-000-0000","kri0001",3,165.84429362763,23284.52,10.0555440410747,2010-08-01
"AA-AA-000-0000","kri0001",3,166.411869027509,23389.08,10.0600245257563,2010-08-01
"AA-AA-000-0000","kri0001",3,166.979049771723,23493.64,10.0644850252052,2010-08-01
"AA-AA-000-0000","kri0001",3,167.545838492023,23598.2,10.0689257169185,2010-08-01
"AA-AA-000-0000","kri0001",3,168.112237791038,23702.76,10.073346776039,2010-08-01
"AA-AA-000-0000","kri0001",3,168.678250242726,23807.32,10.077748375397,2010-08-01
"AA-AA-000-0000","kri0001",3,169.243878392816,23911.88,10.0821306855504,2010-08-01
"AA-AA-000-0000","kri0001",3,169.809124759235,24016.44,10.0864938748247,2010-08-01
"AA-AA-000-0000","kri0001",3,170.373991832537,24121,10.0908381093515,2010-08-01
"AA-AA-000-0000","kri0001",3,170.938482076313,24225.56,10.0951635531068,2010-08-01
"AA-AA-000-0000","kri0001",3,171.502597927598,24330.12,10.0994703679479,2010-08-01
"AA-AA-000-0000","kri0001",3,172.066341797276,24434.68,10.1037587136496,2010-08-01
"AA-AA-000-0000","kri0001",3,172.629716070463,24539.24,10.1080287479402,2010-08-01
"AA-AA-000-0000","kri0001",3,173.192723106897,24643.8,10.1122806265359,2010-08-01
"AA-AA-000-0000","kri0001",3,173.755365241311,24748.36,10.1165145031751,2010-08-01
"AA-AA-000-0000","kri0001",3,174.317644783805,24852.92,10.1207305296518,2010-08-01
"AA-AA-000-0000","kri0001",3,174.879564020205,24957.48,10.1249288558479,2010-08-01
"AA-AA-000-0000","kri0001",3,175.441125212423,25062.04,10.1291096297658,2010-08-01
"AA-AA-000-0000","kri0001",3,176.002330598801,25166.6,10.1332729975589,2010-08-01
"AA-AA-000-0000","kri0001",3,176.563182394457,25271.16,10.1374191035629,2010-08-01
"AA-AA-000-0000","kri0001",3,177.12368279162,25375.72,10.1415480903258,2010-08-01
"AA-AA-000-0000","kri0001",3,177.68383395996,25480.28,10.1456600986367,2010-08-01
"AA-AA-000-0000","kri0001",3,178.243638046909,25584.84,10.1497552675554,2010-08-01
"AA-AA-000-0000","kri0001",3,178.803097177983,25689.4,10.15383373444,2010-08-01
"AA-AA-000-0000","kri0001",3,179.362213457091,25793.96,10.1578956349749,2010-08-01
"AA-AA-000-0000","kri0001",3,179.920988966842,25898.52,10.1619411031978,2010-08-01
"AA-AA-000-0000","kri0001",3,180.479425768847,26003.08,10.1659702715261,2010-08-01
"AA-AA-000-0000","kri0001",3,181.037525904011,26107.64,10.1699832707831,2010-08-01
"AA-AA-000-0000","kri0001",3,181.595291392826,26212.2,10.1739802302234,2010-08-01
"AA-AA-000-0000","kri0001",3,182.152724235654,26316.76,10.1779612775578,2010-08-01
"AA-AA-000-0000","kri0001",3,182.70982641301,26421.32,10.1819265389781,2010-08-01
"AA-AA-000-0000","kri0001",3,183.26659988583,26525.88,10.1858761391807,2010-08-01
"AA-AA-000-0000","kri0001",3,183.823046595748,26630.44,10.1898102013902,2010-08-01
"AA-AA-000-0000","kri0001",3,184.379168465355,26735,10.1937288473828,2010-08-01
"AA-AA-000-0000","kri0001",3,184.934967398465,26839.56,10.1976321975086,2010-08-01
"AA-AA-000-0000","kri0001",0,1.83313337546384,490.44,6.19530294736419,2010-08-01
"AA-AA-000-0000","kri0001",0,2.22395065329293,595,6.38856140554563,2010-08-01
"AA-AA-000-0000","kri0001",0,2.61476793112202,699.56,6.55045156598099,2010-08-01
"AA-AA-000-0000","kri0001",0,3.00558520895111,804.12,6.68974851177308,2010-08-01
"AA-AA-000-0000","kri0001",0,3.3964024867802,908.68,6.81199299699502,2010-08-01
"AA-AA-000-0000","kri0001",0,3.78721976460929,1013.24,6.92090839622705,2010-08-01
"AA-AA-000-0000","kri0001",0,4.17803704243838,1117.8,7.0191177468356,2010-08-01
"AA-AA-000-0000","kri0001",0,4.56885432026747,1222.36,7.10853869536377,2010-08-01
"AA-AA-000-0000","kri0001",0,4.95967159809657,1326.92,7.1906157461547,2010-08-01
"AA-AA-000-0000","kri0001",0,5.35048887592566,1431.48,7.26646415308185,2010-08-01
"AA-AA-000-0000","kri0001",0,5.74130615375475,1536.04,7.33696295503521,2010-08-01
"AA-AA-000-0000","kri0001",0,6.13212343158384,1640.6,7.40281730756865,2010-08-01
"AA-AA-000-0000","kri0001",0,6.52294070941293,1745.16,7.46460152097762,2010-08-01
"AA-AA-000-0000","kri0001",0,6.91375798724202,1849.72,7.52278955526625,2010-08-01
"AA-AA-000-0000","kri0001",0,7.30457526507111,1954.28,7.57777711814034,2010-08-01
"AA-AA-000-0000","kri0001",0,7.6953925429002,2058.84,7.62989799638333,2010-08-01
"AA-AA-000-0000","kri0001",0,8.08620982072929,2163.4,7.67943633719619,2010-08-01
"AA-AA-000-0000","kri0001",0,8.47702709855838,2267.96,7.72663602800781,2010-08-01
"AA-AA-000-0000","kri0001",0,8.86784437638747,2372.52,7.77170796037479,2010-08-01
"AA-AA-000-0000","kri0001",0,9.25866165421656,2477.08,7.81483572610145,2010-08-01
"AA-AA-000-0000","kri0001",0,9.64947893204565,2581.64,7.85618013488484,2010-08-01
"AA-AA-000-0000","kri0001",0,10.0402962098747,2686.2,7.89588283447497,2010-08-01
"AA-AA-000-0000","kri0001",0,10.4311134877038,2790.76,7.93406923915457,2010-08-01
"AA-AA-000-0000","kri0001",0,10.8219307655329,2895.32,7.97085091930438,2010-08-01
"AA-AA-000-0000","kri0001",0,11.212748043362,2999.88,8.00632756685023,2010-08-01
"AA-AA-000-0000","kri0001",0,11.6035653211911,3104.44,8.04058862383448,2010-08-01
"AA-AA-000-0000","kri0001",0,11.9943825990202,3209,8.07371464110986,2010-08-01
"AA-AA-000-0000","kri0001",0,12.3851998768493,3313.56,8.1057784191054,2010-08-01
"AA-AA-000-0000","kri0001",0,12.7760171546784,3418.12,8.1368459713097,2010-08-01
"AA-AA-000-0000","kri0001",0,13.1668344325075,3522.68,8.16697734253824,2010-08-01
"AA-AA-000-0000","kri0001",0,13.5576517103366,3627.24,8.19622730748249,2010-08-01
"AA-AA-000-0000","kri0001",0,13.9484689881656,3731.8,8.22464596996315,2010-08-01
"AA-AA-000-0000","kri0001",0,14.3392862659947,3836.36,8.25227927935799,2010-08-01
"AA-AA-000-0000","kri0001",0,14.7301035438238,3940.92,8.27916947757258,2010-08-01
"AA-AA-000-0000","kri0001",0,15.1209208216529,4045.48,8.305355487471,2010-08-01
"AA-AA-000-0000","kri0001",0,15.511738099482,4150.04,8.33087325173251,2010-08-01
"AA-AA-000-0000","kri0001",0,15.9025553773111,4254.6,8.35575602953801,2010-08-01
"AA-AA-000-0000","kri0001",0,16.2933726551402,4359.16,8.38003465723119,2010-08-01
"AA-AA-000-0000","kri0001",0,16.6841899329693,4463.72,8.40373777807958,2010-08-01
"AA-AA-000-0000","kri0001",0,17.0750072107984,4568.28,8.4268920454293,2010-08-01
"AA-AA-000-0000","kri0001",0,17.4658244886275,4672.84,8.44952230286751,2010-08-01
"AA-AA-000-0000","kri0001",0,17.8566417664566,4777.4,8.47165174444586,2010-08-01
"AA-AA-000-0000","kri0001",0,18.2474590442856,4881.96,8.49330205755596,2010-08-01
"AA-AA-000-0000","kri0001",0,18.6382763221147,4986.52,8.51449355066312,2010-08-01
"AA-AA-000-0000","kri0001",0,19.0290935999438,5091.08,8.53524526778398,2010-08-01
"AA-AA-000-0000","kri0001",0,19.4199108777729,5195.64,8.55557509132557,2010-08-01
"AA-AA-000-0000","kri0001",0,19.810728155602,5300.2,8.57549983467729,2010-08-01
"AA-AA-000-0000","kri0001",0,20.2015454334311,5404.76,8.5950353257572,2010-08-01
"AA-AA-000-0000","kri0001",0,20.5923627112602,5509.32,8.61419648255285,2010-08-01
"AA-AA-000-0000","kri0001",0,20.9831799890893,5613.88,8.63299738155978,2010-08-01
"AA-AA-000-0000","kri0001",0,21.3739972669184,5718.44,8.65145131990427,2010-08-01
"AA-AA-000-0000","kri0001",0,21.7648145447475,5823,8.66957087183712,2010-08-01
"AA-AA-000-0000","kri0001",0,22.1556318225765,5927.56,8.68736794019959,2010-08-01
"AA-AA-000-0000","kri0001",0,22.5464491004056,6032.12,8.70485380338912,2010-08-01
"AA-AA-000-0000","kri0001",0,22.9372663782347,6136.68,8.72203915828886,2010-08-01
"AA-AA-000-0000","kri0001",0,23.3280836560638,6241.24,8.73893415957039,2010-08-01
"AA-AA-000-0000","kri0001",0,23.7189009338929,6345.8,8.75554845573097,2010-08-01
"AA-AA-000-0000","kri0001",0,24.109718211722,6450.36,8.77189122218577,2010-08-01
"AA-AA-000-0000","kri0001",0,24.5005354895511,6554.92,8.78797119169922,2010-08-01
"AA-AA-000-0000","kri0001",0,24.8913527673802,6659.48,8.80379668240811,2010-08-01
"AA-AA-000-0000","kri0001",0,25.2821700452093,6764.04,8.81937562366154,2010-08-01
"AA-AA-000-0000","kri0001",0,25.6729873230384,6868.6,8.8347155798789,2010-08-01
"AA-AA-000-0000","kri0001",0,26.0638046008675,6973.16,8.84982377260526,2010-08-01
"AA-AA-000-0000","kri0001",0,26.4546218786965,7077.72,8.86470710092541,2010-08-01
"AA-AA-000-0000","kri0001",0,26.8454391565256,7182.28,8.87937216038086,2010-08-01
"AA-AA-000-0000","kri0001",0,27.2362564343547,7286.84,8.89382526051966,2010-08-01
"AA-AA-000-0000","kri0001",0,27.6270737121838,7391.4,8.90807244119598,2010-08-01
"AA-AA-000-0000","kri0001",0,28.0178909900129,7495.96,8.92211948772472,2010-08-01
"AA-AA-000-0000","kri0001",0,28.408708267842,7600.52,8.93597194498644,2010-08-01
"AA-AA-000-0000","kri0001",0,28.7995255456711,7705.08,8.94963513056858,2010-08-01
"AA-AA-000-0000","kri0001",0,29.1903428235002,7809.64,8.96311414702101,2010-08-01
"AA-AA-000-0000","kri0001",0,29.5811601013293,7914.2,8.9764138932965,2010-08-01
"AA-AA-000-0000","kri0001",0,29.9719773791584,8018.76,8.98953907544033,2010-08-01
"AA-AA-000-0000","kri0001",0,30.3627946569875,8123.32,9.00249421658746,2010-08-01
"AA-AA-000-0000","kri0001",0,30.7536119348165,8227.88,9.01528366632036,2010-08-01
"AA-AA-000-0000","kri0001",0,31.1444292126456,8332.44,9.0279116094359,2010-08-01
"AA-AA-000-0000","kri0001",0,31.5352464904747,8437,9.04038207416563,2010-08-01
"AA-AA-000-0000","kri0001",0,31.9260637683038,8541.56,9.05269893988975,2010-08-01
"AA-AA-000-0000","kri0001",0,32.3168810461329,8646.12,9.06486594438178,2010-08-01
"AA-AA-000-0000","kri0001",0,32.707698323962,8750.68,9.07688669061778,2010-08-01
"AA-AA-000-0000","kri0001",0,33.0985156017911,8855.24,9.0887646531811,2010-08-01
"AA-AA-000-0000","kri0001",0,33.4893328796202,8959.8,9.10050318429128,2010-08-01
"AA-AA-000-0000","kri0001",0,33.8801501574493,9064.36,9.11210551948311,2010-08-01
"AA-AA-000-0000","kri0001",0,34.2709674352784,9168.92,9.12357478296003,2010-08-01
"AA-AA-000-0000","kri0001",0,34.6617847131075,9273.48,9.13491399264399,2010-08-01
"AA-AA-000-0000","kri0001",0,35.0526019909365,9378.04,9.14612606494221,2010-08-01
"AA-AA-000-0000","kri0001",0,35.4434192687656,9482.6,9.15721381924961,2010-08-01
"AA-AA-000-0000","kri0001",0,35.8342365465947,9587.16,9.16817998220445,2010-08-01
"AA-AA-000-0000","kri0001",0,36.2250538244238,9691.72,9.17902719171307,2010-08-01
"AA-AA-000-0000","kri0001",0,36.6158711022529,9796.28,9.18975800075871,2010-08-01
"AA-AA-000-0000","kri0001",0,37.006688380082,9900.84,9.2003748810081,2010-08-01
"AA-AA-000-0000","kri0001",0,37.3975056579111,10005.4,9.21088022622865,2010-08-01
"AA-AA-000-0000","kri0001",0,37.7883229357402,10109.96,9.22127635552796,2010-08-01
"AA-AA-000-0000","kri0001",0,38.1791402135693,10214.52,9.23156551642667,2010-08-01
"AA-AA-000-0000","kri0001",0,38.5699574913984,10319.08,9.24174988777488,2010-08-01
"AA-AA-000-0000","kri0001",0,38.9607747692274,10423.64,9.25183158252143,2010-08-01
"AA-AA-000-0000","kri0001",0,39.3515920470565,10528.2,9.26181265034515,2010-08-01
"AA-AA-000-0000","kri0001",0,39.7424093248856,10632.76,9.27169508015587,2010-08-01
"AA-AA-000-0000","kri0001",0,40.1332266027147,10737.32,9.2814808024733,2010-08-01
"AA-AA-000-0000","kri0001",0,40.5240438805438,10841.88,9.29117169169041,2010-08-01
"AA-AA-000-0000","kri0001",0,40.9148611583729,10946.44,9.30076956822833,2010-08-01
"AA-AA-000-0000","kri0001",0,41.305678436202,11051,9.31027620058878,2010-08-01
"AA-AA-000-0000","kri0001",0,41.6964957140311,11155.56,9.31969330730984,2010-08-01
"AA-AA-000-0000","kri0001",0,42.0873129918602,11260.12,9.3290225588305,2010-08-01
"AA-AA-000-0000","kri0001",0,42.4781302696893,11364.68,9.33826557926903,2010-08-01
"AA-AA-000-0000","kri0001",0,42.8689475475184,11469.24,9.34742394811994,2010-08-01
"AA-AA-000-0000","kri0001",0,43.2597648253474,11573.8,9.35649920187389,2010-08-01
"AA-AA-000-0000","kri0001",0,43.6505821031765,11678.36,9.36549283556477,2010-08-01
"AA-AA-000-0000","kri0001",0,44.0413993810056,11782.92,9.37440630424788,2010-08-01
"AA-AA-000-0000","kri0001",0,44.4322166588347,11887.48,9.38324102441269,2010-08-01
"AA-AA-000-0000","kri0001",0,44.8230339366638,11992.04,9.39199837533391,2010-08-01
"AA-AA-000-0000","kri0001",0,45.2138512144929,12096.6,9.40067970036372,2010-08-01
"AA-AA-000-0000","kri0001",0,45.604668492322,12201.16,9.40928630816856,2010-08-01
"AA-AA-000-0000","kri0001",0,45.9954857701511,12305.72,9.41781947391302,2010-08-01
"AA-AA-000-0000","kri0001",0,46.3863030479802,12410.28,9.42628044039376,2010-08-01
"AA-AA-000-0000","kri0001",0,46.7771203258093,12514.84,9.43467041912574,2010-08-01
"AA-AA-000-0000","kri0001",0,47.1679376036384,12619.4,9.44299059138336,2010-08-01
"AA-AA-000-0000","kri0001",0,47.5587548814674,12723.96,9.45124210919858,2010-08-01
"AA-AA-000-0000","kri0001",0,47.9495721592965,12828.52,9.45942609631826,2010-08-01
"AA-AA-000-0000","kri0001",0,48.3403894371256,12933.08,9.46754364912255,2010-08-01
"AA-AA-000-0000","kri0001",0,48.7312067149547,13037.64,9.47559583750641,2010-08-01
"AA-AA-000-0000","kri0001",0,49.1220239927838,13142.2,9.48358370572582,2010-08-01
"AA-AA-000-0000","kri0001",0,49.5128412706129,13246.76,9.49150827321056,2010-08-01
"AA-AA-000-0000","kri0001",0,49.903658548442,13351.32,9.49937053534494,2010-08-01
"AA-AA-000-0000","kri0001",0,50.2944758262711,13455.88,9.50717146421815,2010-08-01
"AA-AA-000-0000","kri0001",0,50.6852931041002,13560.44,9.51491200934553,2010-08-01
"AA-AA-000-0000","kri0001",0,51.0761103819293,13665,9.52259309836217,2010-08-01
"AA-AA-000-0000","kri0001",0,51.4669276597583,13769.56,9.53021563769003,2010-08-01
"AA-AA-000-0000","kri0001",0,51.8577449375874,13874.12,9.53778051317986,2010-08-01
"AA-AA-000-0000","kri0001",0,52.2485622154165,13978.68,9.54528859072904,2010-08-01
"AA-AA-000-0000","kri0001",0,52.6393794932456,14083.24,9.55274071687631,2010-08-01
"AA-AA-000-0000","kri0001",0,53.0301967710747,14187.8,9.56013771937465,2010-08-01
"AA-AA-000-0000","kri0001",0,53.4210140489038,14292.36,9.56748040774294,2010-08-01
"AA-AA-000-0000","kri0001",0,53.8118313267329,14396.92,9.57476957379771,2010-08-01
"AA-AA-000-0000","kri0001",0,54.202648604562,14501.48,9.5820059921655,2010-08-01
"AA-AA-000-0000","kri0001",0,54.5934658823911,14606.04,9.58919042077688,2010-08-01
"AA-AA-000-0000","kri0001",0,54.9842831602202,14710.6,9.59632360134285,2010-08-01
"AA-AA-000-0000","kri0001",0,55.3751004380493,14815.16,9.60340625981435,2010-08-01
"AA-AA-000-0000","kri0001",0,55.7659177158783,14919.72,9.61043910682562,2010-08-01
"AA-AA-000-0000","kri0001",0,56.1567349937074,15024.28,9.61742283812209,2010-08-01
"AA-AA-000-0000","kri0001",0,56.5475522715365,15128.84,9.6243581349734,2010-08-01
"AA-AA-000-0000","kri0001",0,56.9383695493656,15233.4,9.63124566457222,2010-08-01
"AA-AA-000-0000","kri0001",0,57.3291868271947,15337.96,9.63808608041946,2010-08-01
"AA-AA-000-0000","kri0001",0,57.7200041050238,15442.52,9.6448800226963,2010-08-01
"AA-AA-000-0000","kri0001",0,58.1108213828529,15547.08,9.65162811862377,2010-08-01
"AA-AA-000-0000","kri0001",0,58.501638660682,15651.64,9.65833098281023,2010-08-01
"AA-AA-000-0000","kri0001",0,58.8924559385111,15756.2,9.66498921758728,2010-08-01
"AA-AA-000-0000","kri0001",0,59.2832732163402,15860.76,9.67160341333457,2010-08-01
"AA-AA-000-0000","kri0001",0,59.6740904941692,15965.32,9.67817414879392,2010-08-01
"AA-AA-000-0000","kri0001",0,60.0649077719983,16069.88,9.68470199137325,2010-08-01
"AA-AA-000-0000","kri0001",0,60.4557250498274,16174.44,9.69118749744056,2010-08-01
"AA-AA-000-0000","kri0001",0,60.8465423276565,16279,9.69763121260851,2010-08-01
"AA-AA-000-0000","kri0001",0,61.2373596054856,16383.56,9.70403367200987,2010-08-01
"AA-AA-000-0000","kri0001",0,61.6281768833147,16488.12,9.71039540056419,2010-08-01
"AA-AA-000-0000","kri0001",0,62.0189941611438,16592.68,9.71671691323606,2010-08-01
"AA-AA-000-0000","kri0001",0,62.4098114389729,16697.24,9.72299871528527,2010-08-01
"AA-AA-000-0000","kri0001",0,62.800628716802,16801.8,9.72924130250911,2010-08-01
"AA-AA-000-0000","kri0001",0,63.1914459946311,16906.36,9.73544516147723,2010-08-01
"AA-AA-000-0000","kri0001",0,63.5822632724601,17010.92,9.74161076975919,2010-08-01
"AA-AA-000-0000","kri0001",0,63.9730805502892,17115.48,9.74773859614507,2010-08-01
"AA-AA-000-0000","kri0001",0,64.3638978281183,17220.04,9.7538291008594,2010-08-01
"AA-AA-000-0000","kri0001",0,64.7547151059474,17324.6,9.75988273576848,2010-08-01
"AA-AA-000-0000","kri0001",0,65.1455323837765,17429.16,9.76589994458167,2010-08-01
"AA-AA-000-0000","kri0001",0,65.5363496616056,17533.72,9.77188116304646,2010-08-01
"AA-AA-000-0000","kri0001",0,65.9271669394347,17638.28,9.77782681913786,2010-08-01
"AA-AA-000-0000","kri0001",0,66.3179842172638,17742.84,9.78373733324216,2010-08-01
"AA-AA-000-0000","kri0001",0,66.7088014950929,17847.4,9.78961311833528,2010-08-01
"AA-AA-000-0000","kri0001",0,67.099618772922,17951.96,9.79545458015595,2010-08-01
"AA-AA-000-0000","kri0001",0,67.4904360507511,18056.52,9.80126211737377,2010-08-01
"AA-AA-000-0000","kri0001",0,67.8812533285801,18161.08,9.80703612175257,2010-08-01
"AA-AA-000-0000","kri0001",0,68.2720706064092,18265.64,9.81277697830891,2010-08-01
"AA-AA-000-0000","kri0001",0,68.6628878842383,18370.2,9.81848506546618,2010-08-01
"AA-AA-000-0000","kri0001",0,69.0537051620674,18474.76,9.82416075520428,2010-08-01
"AA-AA-000-0000","kri0001",0,69.4445224398965,18579.32,9.82980441320509,2010-08-01
"AA-AA-000-0000","kri0001",0,69.8353397177256,18683.88,9.83541639899379,2010-08-01
"AA-AA-000-0000","kri0001",0,70.2261569955547,18788.44,9.84099706607641,2010-08-01
"AA-AA-000-0000","kri0001",0,70.6169742733838,18893,9.84654676207332,2010-08-01
"AA-AA-000-0000","kri0001",0,71.0077915512129,18997.56,9.85206582884926,2010-08-01
"AA-AA-000-0000","kri0001",0,71.398608829042,19102.12,9.85755460263966,2010-08-01
"AA-AA-000-0000","kri0001",0,71.789426106871,19206.68,9.86301341417357,2010-08-01
"AA-AA-000-0000","kri0001",0,72.1802433847001,19311.24,9.86844258879326,2010-08-01
"AA-AA-000-0000","kri0001",0,72.5710606625292,19415.8,9.87384244657052,2010-08-01
"AA-AA-000-0000","kri0001",0,72.9618779403583,19520.36,9.87921330241997,2010-08-01
"AA-AA-000-0000","kri0001",0,73.3526952181874,19624.92,9.88455546620918,2010-08-01
"AA-AA-000-0000","kri0001",0,73.7435124960165,19729.48,9.88986924286599,2010-08-01
"AA-AA-000-0000","kri0001",0,74.1343297738456,19834.04,9.89515493248297,2010-08-01
"AA-AA-000-0000","kri0001",0,74.5251470516747,19938.6,9.90041283041905,2010-08-01
"AA-AA-000-0000","kri0001",0,74.9159643295038,20043.16,9.90564322739863,2010-08-01
"AA-AA-000-0000","kri0001",0,75.3067816073329,20147.72,9.91084640960797,2010-08-01
"AA-AA-000-0000","kri0001",0,75.697598885162,20252.28,9.91602265878921,2010-08-01
"AA-AA-000-0000","kri0001",0,76.0884161629911,20356.84,9.92117225233188,2010-08-01
"AA-AA-000-0000","kri0001",0,76.4792334408201,20461.4,9.92629546336211,2010-08-01
"AA-AA-000-0000","kri0001",0,76.8700507186492,20565.96,9.93139256082955,2010-08-01
"AA-AA-000-0000","kri0001",0,77.2608679964783,20670.52,9.93646380959208,2010-08-01
"AA-AA-000-0000","kri0001",0,77.6516852743074,20775.08,9.94150947049842,2010-08-01
"AA-AA-000-0000","kri0001",0,78.0425025521365,20879.64,9.94652980046863,2010-08-01
"AA-AA-000-0000","kri0001",0,78.4333198299656,20984.2,9.95152505257258,2010-08-01
"AA-AA-000-0000","kri0001",0,78.8241371077947,21088.76,9.95649547610655,2010-08-01
"AA-AA-000-0000","kri0001",0,79.2149543856238,21193.32,9.96144131666783,2010-08-01
"AA-AA-000-0000","kri0001",0,79.6057716634529,21297.88,9.96636281622759,2010-08-01
"AA-AA-000-0000","kri0001",0,79.996588941282,21402.44,9.97126021320189,2010-08-01
"AA-AA-000-0000","kri0001",0,80.387406219111,21507,9.97613374252098,2010-08-01
"AA-AA-000-0000","kri0001",0,80.7782234969401,21611.56,9.98098363569693,2010-08-01
"AA-AA-000-0000","kri0001",0,81.1690407747692,21716.12,9.98581012088961,2010-08-01
"AA-AA-000-0000","kri0001",0,81.5598580525983,21820.68,9.99061342297113,2010-08-01
"AA-AA-000-0000","kri0001",0,81.9506753304274,21925.24,9.99539376358868,2010-08-01
"AA-AA-000-0000","kri0001",0,82.3414926082565,22029.8,10.0001513612259,2010-08-01
"AA-AA-000-0000","kri0001",0,82.7323098860856,22134.36,10.0048864312628,2010-08-01
"AA-AA-000-0000","kri0001",0,83.1231271639147,22238.92,10.0095991860343,2010-08-01
"AA-AA-000-0000","kri0001",0,83.5139444417438,22343.48,10.0142898348873,2010-08-01
"AA-AA-000-0000","kri0001",0,83.9047617195729,22448.04,10.0189585842366,2010-08-01
"AA-AA-000-0000","kri0001",0,84.2955789974019,22552.6,10.0236056376192,2010-08-01
"AA-AA-000-0000","kri0001",0,84.686396275231,22657.16,10.0282311957477,2010-08-01
"AA-AA-000-0000","kri0001",0,85.0772135530601,22761.72,10.0328354565624,2010-08-01
"AA-AA-000-0000","kri0001",0,85.4680308308892,22866.28,10.0374186152819,2010-08-01
"AA-AA-000-0000","kri0001",0,85.8588481087183,22970.84,10.0419808644529,2010-08-01
"AA-AA-000-0000","kri0001",0,86.2496653865474,23075.4,10.0465223939987,2010-08-01
"AA-AA-000-0000","kri0001",0,86.6404826643765,23179.96,10.0510433912667,2010-08-01
"AA-AA-000-0000","kri0001",0,87.0312999422056,23284.52,10.0555440410747,2010-08-01
"AA-AA-000-0000","kri0001",0,87.4221172200347,23389.08,10.0600245257563,2010-08-01
"AA-AA-000-0000","kri0001",0,87.8129344978638,23493.64,10.0644850252052,2010-08-01
"AA-AA-000-0000","kri0001",0,88.2037517756929,23598.2,10.0689257169185,2010-08-01
"AA-AA-000-0000","kri0001",0,88.5945690535219,23702.76,10.073346776039,2010-08-01
"AA-AA-000-0000","kri0001",0,88.985386331351,23807.32,10.077748375397,2010-08-01
"AA-AA-000-0000","kri0001",0,89.3762036091801,23911.88,10.0821306855504,2010-08-01
"AA-AA-000-0000","kri0001",0,89.7670208870092,24016.44,10.0864938748247,2010-08-01
"AA-AA-000-0000","kri0001",0,90.1578381648383,24121,10.0908381093515,2010-08-01
"AA-AA-000-0000","kri0001",0,90.5486554426674,24225.56,10.0951635531068,2010-08-01
"AA-AA-000-0000","kri0001",0,90.9394727204965,24330.12,10.0994703679479,2010-08-01
"AA-AA-000-0000","kri0001",0,91.3302899983256,24434.68,10.1037587136496,2010-08-01
"AA-AA-000-0000","kri0001",0,91.7211072761547,24539.24,10.1080287479402,2010-08-01
"AA-AA-000-0000","kri0001",0,92.1119245539838,24643.8,10.1122806265359,2010-08-01
"AA-AA-000-0000","kri0001",0,92.5027418318129,24748.36,10.1165145031751,2010-08-01
"AA-AA-000-0000","kri0001",0,92.8935591096419,24852.92,10.1207305296518,2010-08-01
"AA-AA-000-0000","kri0001",0,93.284376387471,24957.48,10.1249288558479,2010-08-01
"AA-AA-000-0000","kri0001",0,93.6751936653001,25062.04,10.1291096297658,2010-08-01
"AA-AA-000-0000","kri0001",0,94.0660109431292,25166.6,10.1332729975589,2010-08-01
"AA-AA-000-0000","kri0001",0,94.4568282209583,25271.16,10.1374191035629,2010-08-01
"AA-AA-000-0000","kri0001",0,94.8476454987874,25375.72,10.1415480903258,2010-08-01
"AA-AA-000-0000","kri0001",0,95.2384627766165,25480.28,10.1456600986367,2010-08-01
"AA-AA-000-0000","kri0001",0,95.6292800544456,25584.84,10.1497552675554,2010-08-01
"AA-AA-000-0000","kri0001",0,96.0200973322747,25689.4,10.15383373444,2010-08-01
"AA-AA-000-0000","kri0001",0,96.4109146101038,25793.96,10.1578956349749,2010-08-01
"AA-AA-000-0000","kri0001",0,96.8017318879328,25898.52,10.1619411031978,2010-08-01
"AA-AA-000-0000","kri0001",0,97.1925491657619,26003.08,10.1659702715261,2010-08-01
"AA-AA-000-0000","kri0001",0,97.583366443591,26107.64,10.1699832707831,2010-08-01
"AA-AA-000-0000","kri0001",0,97.9741837214201,26212.2,10.1739802302234,2010-08-01
"AA-AA-000-0000","kri0001",0,98.3650009992492,26316.76,10.1779612775578,2010-08-01
"AA-AA-000-0000","kri0001",0,98.7558182770783,26421.32,10.1819265389781,2010-08-01
"AA-AA-000-0000","kri0001",0,99.1466355549074,26525.88,10.1858761391807,2010-08-01
"AA-AA-000-0000","kri0001",0,99.5374528327365,26630.44,10.1898102013902,2010-08-01
"AA-AA-000-0000","kri0001",0,99.9282701105656,26735,10.1937288473828,2010-08-01
"AA-AA-000-0000","kri0001",0,100.319087388395,26839.56,10.1976321975086,2010-08-01
